institution,institution_type,ministry,institution_size,recruitment_volume,avg_salary,executive_salary,region,hiring_rate,salary_gap_ratio,synthetic_employee_count,avg_quit_probability,avg_expected_total_tenure,high_risk_employee_ratio,avg_burnout_risk_score,high_burnout_employee_ratio,avg_vacation_usage_rate,avg_overtime_hours,salary_percentile,hiring_rate_percentile,quit_risk_percentile,org_health_score,org_health_level,hiring_competitiveness_score,hiring_competitiveness_level,hiring_competitiveness_top_percent,risk_signal_summary,flex_time_ratio,remote_ratio,compress_ratio
(사)남북교류협력지원협회,기타공공기관,통일부,40.0,12.0,60861.0,,서울특별시,0.3,,30,0.3627,10.5,0.1333,35.9,0.1667,0.67,11.37,0.2624,0.9971,0.6385,53.5,medium,49.5,medium,15.5,현재 주요 위험 신호는 크지 않으며 전반적으로 안정적인 상태입니다.,0.9029,0.0795,0.0176
(재)예술경영지원센터,기타공공기관,문화체육관광부,73.0,4.0,48913.0,114338.0,서울특별시,0.0547945205479452,2.337578966736859,30,0.3143,12.03,0.0667,32.33,0.1,0.69,10.6,0.0437,0.6356,0.0554,71.5,high,42.2,medium,42.3,채용경쟁력이 낮아 채용 매력도 개선 검토가 필요합니다.,0.8972,0.0802,0.0226
(재)우체국금융개발원,준정부기관(위탁집행형),과학기술정보통신부,851.0,40.0,57780.0,189767.0,서울특별시,0.0470035252643948,3.284302526825891,30,0.4783,10.13,0.3667,37.57,0.1667,0.65,13.03,0.172,0.5219,0.9854,25.2,low,21.3,low,98.5,기관 평균 퇴사위험도가 상대적으로 높은 편입니다. 고위험 직원 비율이 높아 선제적 관리가 필요합니다. 조직건강도 점수가 낮아 조직 운영 안정성 점검이 필요합니다.,0.8899,0.0888,0.0213
(재)우체국물류지원단,준정부기관(위탁집행형),과학기술정보통신부,1480.5,66.0,58397.0,188447.0,서울특별시,0.044579533941236,3.226997962224087,44,0.3314,10.66,0.0455,30.07,0.0909,0.71,9.82,0.1924,0.4956,0.2157,63.3,medium,36.7,low,66.5,채용경쟁력이 낮아 채용 매력도 개선 검토가 필요합니다.,0.8778,0.0979,0.0243
(재)우체국시설관리단,기타공공기관,과학기술정보통신부,2279.0,4.0,68208.0,198674.0,서울특별시,0.0017551557700745,2.912766830870279,68,0.3487,10.96,0.0882,31.91,0.0882,0.68,11.09,0.4577,0.0408,0.519,63.6,medium,38.0,low,60.9,채용경쟁력이 낮아 채용 매력도 개선 검토가 필요합니다.,0.8757,0.0947,0.0296
(재)일제강제동원피해자지원재단,기타공공기관,행정안전부,52.0,5.0,54225.0,100729.0,서울특별시,0.0961538461538461,1.8576118026740436,30,0.3787,10.83,0.2,39.13,0.1667,0.66,12.13,0.1079,0.8863,0.7259,50.7,medium,35.0,low,74.3,기관 평균 퇴사위험도가 상대적으로 높은 편입니다. 채용경쟁력이 낮아 채용 매력도 개선 검토가 필요합니다.,0.9087,0.0747,0.0166
(재)축산환경관리원,기타공공기관,농림축산식품부,48.0,4.0,68622.0,150068.0,세종특별자치시,0.0833333333333333,2.186878843519571,30,0.478,9.83,0.4667,35.4,0.2,0.66,13.87,0.4781,0.8426,0.9825,26.0,low,26.2,low,95.0,기관 평균 퇴사위험도가 상대적으로 높은 편입니다. 고위험 직원 비율이 높아 선제적 관리가 필요합니다. 조직건강도 점수가 낮아 조직 운영 안정성 점검이 필요합니다.,0.9245,0.0582,0.0173
(재)한국보건의료정보원,기타공공기관,보건복지부,119.0,9.0,60513.0,203430.0,서울특별시,0.0756302521008403,3.3617569778394727,30,0.3003,11.07,0.0333,20.8,0.0333,0.72,8.23,0.2478,0.8163,0.0204,73.7,high,44.2,medium,35.3,채용경쟁력이 낮아 채용 매력도 개선 검토가 필요합니다.,0.9153,0.0684,0.0163
(재)한국우편사업진흥원,기타공공기관,과학기술정보통신부,504.0,14.0,60845.0,207581.0,서울특별시,0.0277777777777777,3.411636124578848,30,0.3187,11.67,0.1,28.93,0.0667,0.71,9.47,0.2595,0.2332,0.0977,68.6,medium,43.0,medium,40.2,채용경쟁력이 낮아 채용 매력도 개선 검토가 필요합니다.,0.8941,0.0819,0.0239
(재)한국통계정보원,기타공공기관,국가데이터처,170.0,0.0,57779.0,147200.0,대전광역시,0.0,2.547638415341214,30,0.3743,10.57,0.1333,32.7,0.1667,0.69,12.73,0.1691,0.016,0.7114,54.0,medium,29.6,low,88.9,기관 평균 퇴사위험도가 상대적으로 높은 편입니다. 채용경쟁력이 낮아 채용 매력도 개선 검토가 필요합니다.,0.9288,0.0525,0.0188
(주)강원랜드,공기업(시장형),산업통상부,3689.0,191.0,81514.0,157376.0,강원도,0.0517755489292491,1.9306622175331845,110,0.3138,11.25,0.0455,23.83,0.0727,0.71,10.63,0.758,0.6064,0.0496,79.8,high,50.8,medium,11.7,현재 주요 위험 신호는 크지 않으며 전반적으로 안정적인 상태입니다.,0.8753,0.0953,0.0293
(주)공영홈쇼핑,기타공공기관,중소벤처기업부,382.0,14.0,73683.0,168640.0,서울특별시,0.0366492146596858,2.288723314740171,30,0.3663,9.47,0.0667,33.83,0.1,0.67,11.63,0.5948,0.3499,0.6647,56.6,medium,33.1,low,78.7,채용경쟁력이 낮아 채용 매력도 개선 검토가 필요합니다.,0.8879,0.0953,0.0167
(주)한국가스기술공사,공기업(준시장형),산업통상부,2358.0,182.0,77183.0,158685.0,대전광역시,0.0771840542832909,2.055957918194421,70,0.332,11.46,0.1,28.81,0.0857,0.69,11.34,0.6735,0.8222,0.2303,73.2,high,50.1,medium,13.7,현재 주요 위험 신호는 크지 않으며 전반적으로 안정적인 상태입니다.,0.8844,0.0853,0.0303
88관광개발(주),기타공공기관,국가보훈부,42.0,2.0,69409.0,146943.0,경기도,0.0476190476190476,2.1170597472950194,30,0.4367,10.67,0.3333,27.7,0.1,0.71,9.17,0.5102,0.5321,0.8003,44.6,medium,32.2,low,81.9,기관 평균 퇴사위험도가 상대적으로 높은 편입니다. 고위험 직원 비율이 높아 선제적 관리가 필요합니다. 조직건강도 점수가 낮아 조직 운영 안정성 점검이 필요합니다.,0.9096,0.0712,0.0191
KDI국제정책대학원,기타공공기관,국무조정실,163.0,5.0,106224.0,,세종특별자치시,0.0306748466257668,,30,0.3087,11.33,0.0333,25.87,0.0,0.68,9.97,0.9767,0.2711,0.0335,79.9,high,60.0,medium,2.3,현재 주요 위험 신호는 크지 않으며 전반적으로 안정적인 상태입니다.,0.9179,0.062,0.0201
가축위생방역지원본부,기타공공기관,농림축산식품부,1287.0,1.0,68498.0,132955.0,세종특별자치시,0.0007770007770007,1.9410055768051624,38,0.3687,10.97,0.1316,37.87,0.2368,0.64,14.74,0.4694,0.035,0.6822,59.4,medium,36.5,low,67.6,채용경쟁력이 낮아 채용 매력도 개선 검토가 필요합니다.,0.9025,0.064,0.0336
강릉원주대학교치과병원,기타공공기관,교육부,207.0,39.0,46490.0,99373.0,강원도,0.1884057971014492,2.1375134437513443,30,0.3397,10.93,0.0667,25.1,0.1,0.69,9.63,0.0204,0.9883,0.3601,65.5,medium,41.4,medium,47.2,채용경쟁력이 낮아 채용 매력도 개선 검토가 필요합니다.,0.9232,0.0569,0.0198
강원대학교병원,기타공공기관,교육부,1905.0,114.0,59253.0,129554.0,강원도,0.0598425196850393,2.186454694277083,57,0.3498,11.23,0.1228,31.26,0.1053,0.65,12.68,0.2216,0.691,0.5306,63.0,medium,39.3,low,56.9,채용경쟁력이 낮아 채용 매력도 개선 검토가 필요합니다.,0.9045,0.0711,0.0243
건강보험심사평가원,준정부기관(위탁집행형),보건복지부,3957.0,171.75,71130.0,182799.0,강원도,0.0434040940106141,2.569928300295234,118,0.3163,11.69,0.0424,26.99,0.0763,0.7,11.73,0.5364,0.481,0.0758,76.9,high,48.3,medium,17.8,현재 주요 위험 신호는 크지 않으며 전반적으로 안정적인 상태입니다.,0.8868,0.089,0.0241
건설근로자공제회,기타공공기관,고용노동부,222.5,6.0,86484.0,200660.0,서울특별시,0.0269662921348314,2.320197955691226,30,0.4983,9.73,0.4,43.7,0.3,0.61,15.1,0.8134,0.2303,0.9971,25.5,low,27.5,low,93.6,기관 평균 퇴사위험도가 상대적으로 높은 편입니다. 고위험 직원 비율이 높아 선제적 관리가 필요합니다. 조직건강도 점수가 낮아 조직 운영 안정성 점검이 필요합니다.,0.9051,0.0784,0.0166
건축공간연구원,기타공공기관,국무조정실,111.0,1.0,72924.0,165535.0,세종특별자치시,0.009009009009009,2.2699659919916626,30,0.3343,10.8,0.0333,29.47,0.0667,0.67,12.07,0.5714,0.0671,0.2624,70.4,high,40.7,medium,50.4,채용경쟁력이 낮아 채용 매력도 개선 검토가 필요합니다.,0.9098,0.0687,0.0215
게임물관리위원회,기타공공기관,문화체육관광부,101.0,2.0,58729.0,129249.0,부산광역시,0.0198019801980198,2.200769636806348,30,0.4937,9.87,0.4667,34.7,0.1,0.63,13.23,0.207,0.1487,0.9942,21.7,low,17.3,low,99.7,기관 평균 퇴사위험도가 상대적으로 높은 편입니다. 고위험 직원 비율이 높아 선제적 관리가 필요합니다. 조직건강도 점수가 낮아 조직 운영 안정성 점검이 필요합니다.,0.9215,0.0564,0.0221
경북대학교병원,기타공공기관,교육부,5539.0,343.0,76361.0,135927.0,대구광역시,0.0619245351146416,1.780057882950721,166,0.3439,10.95,0.0843,32.01,0.1205,0.67,12.17,0.6589,0.723,0.4169,68.9,medium,45.2,medium,29.2,현재 주요 위험 신호는 크지 않으며 전반적으로 안정적인 상태입니다.,0.8836,0.0826,0.0338
경북대학교치과병원,기타공공기관,교육부,220.0,38.0,65600.0,122319.0,대구광역시,0.1727272727272727,1.8646189024390245,30,0.447,10.53,0.4,27.0,0.1,0.72,10.47,0.3965,0.9825,0.8586,39.5,low,36.6,low,66.8,기관 평균 퇴사위험도가 상대적으로 높은 편입니다. 고위험 직원 비율이 높아 선제적 관리가 필요합니다. 조직건강도 점수가 낮아 조직 운영 안정성 점검이 필요합니다.,0.9191,0.0547,0.0262
경상국립대학교병원,기타공공기관,교육부,4116.0,207.0,64525.0,152737.0,경상남도,0.0502915451895043,2.367098024021697,123,0.4407,11.15,0.3171,27.24,0.0813,0.69,10.91,0.3615,0.5743,0.8222,45.3,medium,32.6,low,80.2,기관 평균 퇴사위험도가 상대적으로 높은 편입니다. 고위험 직원 비율이 높아 선제적 관리가 필요합니다. 채용경쟁력이 낮아 채용 매력도 개선 검토가 필요합니다.,0.8936,0.0787,0.0277
경제인문사회연구회,기타공공기관,국무조정실,96.0,2.0,63741.0,216018.0,세종특별자치시,0.0208333333333333,3.3889960935661505,30,0.3393,11.27,0.1,26.57,0.1333,0.73,11.47,0.3294,0.1691,0.3528,65.5,medium,39.9,low,53.9,채용경쟁력이 낮아 채용 매력도 개선 검토가 필요합니다.,0.9195,0.0586,0.0218
공간정보품질관리원,기타공공기관,국토교통부,83.0,2.0,62099.0,154150.0,서울특별시,0.0240963855421686,2.4823266075138086,30,0.3317,11.43,0.0667,32.57,0.1,0.68,10.67,0.3003,0.1983,0.2216,68.3,medium,40.9,medium,49.3,채용경쟁력이 낮아 채용 매력도 개선 검토가 필요합니다.,0.9065,0.0736,0.0198
공무원연금공단,준정부기관(기금관리형),인사혁신처,693.0,64.0,73388.0,167526.0,제주특별자치도,0.0923520923520923,2.282743772823895,30,0.3483,10.93,0.0333,27.27,0.0333,0.74,11.83,0.586,0.8659,0.5087,70.3,high,45.4,medium,28.9,현재 주요 위험 신호는 크지 않으며 전반적으로 안정적인 상태입니다.,0.8891,0.0832,0.0278
과학기술사업화진흥원,기타공공기관,과학기술정보통신부,52.0,5.0,68322.0,181502.0,서울특별시,0.0961538461538461,2.656567430695823,30,0.3887,9.77,0.1333,41.53,0.2,0.61,13.9,0.4636,0.8863,0.7449,47.4,medium,34.2,low,76.7,기관 평균 퇴사위험도가 상대적으로 높은 편입니다. 채용경쟁력이 낮아 채용 매력도 개선 검토가 필요합니다.,0.9101,0.0728,0.0171
과학기술정책연구원,기타공공기관,국무조정실,162.0,6.0,73726.0,154938.0,세종특별자치시,0.037037037037037,2.101538127661883,30,0.3303,10.3,0.1,29.43,0.1333,0.66,11.37,0.5977,0.363,0.1953,66.3,medium,40.5,medium,51.3,채용경쟁력이 낮아 채용 매력도 개선 검토가 필요합니다.,0.9094,0.0667,0.0239
국가과학기술인력개발원,기타공공기관,과학기술정보통신부,121.0,7.0,74562.0,,충청북도,0.0578512396694214,,30,0.373,10.2,0.1,29.13,0.0667,0.68,11.17,0.6122,0.6706,0.6953,58.0,medium,37.9,low,62.1,채용경쟁력이 낮아 채용 매력도 개선 검토가 필요합니다.,0.917,0.0626,0.0204
국가생명윤리정책원,기타공공기관,보건복지부,77.0,11.0,52628.0,156460.0,서울특별시,0.1428571428571428,2.9729421600668844,30,0.3313,12.53,0.0667,30.97,0.1333,0.71,11.43,0.0758,0.9708,0.2128,71.2,high,50.1,medium,13.7,현재 주요 위험 신호는 크지 않으며 전반적으로 안정적인 상태입니다.,0.9141,0.0715,0.0144
국가수리과학연구소,기타공공기관,과학기술정보통신부,61.0,1.0,80712.0,,대전광역시,0.0163934426229508,,30,0.4027,12.2,0.2,24.93,0.0667,0.71,10.1,0.7289,0.1108,0.7551,63.2,medium,45.6,medium,28.3,기관 평균 퇴사위험도가 상대적으로 높은 편입니다.,0.9059,0.0691,0.0251
국가유산진흥원,기타공공기관,국가유산청,395.0,8.0,60571.0,152090.0,서울특별시,0.020253164556962,2.5109375773885194,30,0.3647,11.57,0.2333,39.57,0.3,0.64,12.1,0.2507,0.1633,0.656,54.6,medium,38.0,low,60.9,채용경쟁력이 낮아 채용 매력도 개선 검토가 필요합니다.,0.8873,0.0866,0.026
국가철도공단,준정부기관(위탁집행형),국토교통부,2210.0,155.0,77036.0,160006.0,대전광역시,0.0701357466063348,2.0770289215431745,66,0.4645,10.21,0.3333,35.52,0.197,0.63,12.48,0.6706,0.7872,0.9388,37.4,low,31.8,low,83.7,기관 평균 퇴사위험도가 상대적으로 높은 편입니다. 고위험 직원 비율이 높아 선제적 관리가 필요합니다. 조직건강도 점수가 낮아 조직 운영 안정성 점검이 필요합니다.,0.8821,0.0898,0.0281
국가평생교육진흥원,기타공공기관,교육부,174.0,1.0,75373.0,207581.0,서울특별시,0.0057471264367816,2.7540498587027185,30,0.45,10.33,0.3333,33.27,0.1,0.67,11.47,0.6268,0.0496,0.8746,38.7,low,29.1,low,91.0,기관 평균 퇴사위험도가 상대적으로 높은 편입니다. 고위험 직원 비율이 높아 선제적 관리가 필요합니다. 조직건강도 점수가 낮아 조직 운영 안정성 점검이 필요합니다.,0.8926,0.0868,0.0206
국립공원공단,준정부기관(위탁집행형),기후에너지환경부,2651.0,119.0,61473.0,186139.0,강원도,0.0448887212372689,3.027979763473395,79,0.3361,11.05,0.0506,29.87,0.0759,0.68,11.89,0.277,0.4985,0.3032,65.9,medium,39.6,low,55.4,채용경쟁력이 낮아 채용 매력도 개선 검토가 필요합니다.,0.8835,0.0798,0.0367
국립광주과학관,기타공공기관,과학기술정보통신부,143.0,1.0,61856.0,139826.0,광주광역시,0.0069930069930069,2.260508277289188,30,0.443,11.67,0.3667,33.03,0.1667,0.64,13.73,0.2886,0.0583,0.8426,43.0,medium,31.4,low,85.1,기관 평균 퇴사위험도가 상대적으로 높은 편입니다. 고위험 직원 비율이 높아 선제적 관리가 필요합니다. 조직건강도 점수가 낮아 조직 운영 안정성 점검이 필요합니다.,0.9306,0.0439,0.0255
국립낙동강생물자원관,기타공공기관,기후에너지환경부,214.0,6.0,67795.0,186198.0,경상북도,0.02803738317757,2.7464857290360647,30,0.373,9.93,0.1333,33.23,0.1333,0.67,12.5,0.4461,0.2391,0.6953,53.1,medium,32.1,low,82.5,채용경쟁력이 낮아 채용 매력도 개선 검토가 필요합니다.,0.9205,0.0574,0.0221
국립대구과학관,기타공공기관,과학기술정보통신부,153.0,3.0,64690.0,139826.0,대구광역시,0.0196078431372549,2.161477817282424,30,0.3153,11.7,0.0,24.47,0.0,0.72,9.67,0.3703,0.1429,0.0656,79.1,high,44.5,medium,33.5,채용경쟁력이 낮아 채용 매력도 개선 검토가 필요합니다.,0.9255,0.0575,0.017
국립박물관문화재단,기타공공기관,문화체육관광부,80.0,2.0,59968.0,167774.0,서울특별시,0.025,2.7977254535752403,30,0.331,10.63,0.0667,33.8,0.1333,0.66,11.83,0.2391,0.207,0.207,62.4,medium,36.1,low,69.7,채용경쟁력이 낮아 채용 매력도 개선 검토가 필요합니다.,0.905,0.0759,0.0191
국립부산과학관,기타공공기관,과학기술정보통신부,145.0,2.0,65471.0,142826.0,부산광역시,0.0137931034482758,2.181515480136244,30,0.326,10.9,0.0,31.63,0.0667,0.68,11.0,0.3907,0.0904,0.1662,71.0,high,39.4,low,56.6,채용경쟁력이 낮아 채용 매력도 개선 검토가 필요합니다.,0.9142,0.0644,0.0214
국립생태원,준정부기관(위탁집행형),기후에너지환경부,623.0,5.0,71174.0,167764.0,충청남도,0.0080256821829855,2.357096692612471,30,0.317,12.0,0.0667,32.37,0.1,0.65,12.83,0.5394,0.0641,0.0845,75.9,high,47.7,medium,20.4,현재 주요 위험 신호는 크지 않으며 전반적으로 안정적인 상태입니다.,0.9025,0.074,0.0235
국립아시아문화전당재단,기타공공기관,문화체육관광부,156.0,5.0,63893.0,122917.0,광주광역시,0.032051282051282,1.923794468877655,30,0.3537,11.53,0.1,33.0,0.1,0.66,11.37,0.3382,0.2915,0.5598,66.1,medium,40.7,medium,50.4,채용경쟁력이 낮아 채용 매력도 개선 검토가 필요합니다.,0.9144,0.0616,0.024
국립암센터,기타공공기관,보건복지부,2209.1,201.0,80995.0,430302.0,경기도,0.0909872798877371,5.312698314710785,66,0.4245,11.68,0.2424,31.45,0.1364,0.68,10.42,0.7405,0.863,0.7668,48.6,medium,45.6,medium,28.3,기관 평균 퇴사위험도가 상대적으로 높은 편입니다.,0.8701,0.1024,0.0275
국립울진해양과학관,기타공공기관,해양수산부,43.0,4.0,60347.0,153395.0,경상북도,0.0930232558139534,2.5418827779342803,30,0.359,10.13,0.0667,31.7,0.1,0.7,11.83,0.2449,0.8703,0.6035,57.7,medium,35.3,low,72.3,채용경쟁력이 낮아 채용 매력도 개선 검토가 필요합니다.,0.9166,0.0575,0.0259
국립중앙의료원,기타공공기관,보건복지부,1814.0,87.0,74058.0,266468.0,서울특별시,0.047960308710033,3.5980987874368737,54,0.3265,10.81,0.0556,32.35,0.1296,0.69,11.5,0.6064,0.5364,0.1691,66.8,medium,44.3,medium,34.7,채용경쟁력이 낮아 채용 매력도 개선 검토가 필요합니다.,0.8885,0.0915,0.02
국립항공박물관,기타공공기관,국토교통부,83.0,9.0,67391.0,141061.0,서울특별시,0.108433734939759,2.093172678844356,30,0.4597,10.0,0.3,33.6,0.1333,0.67,11.53,0.4315,0.9125,0.9227,36.6,low,29.6,low,88.9,기관 평균 퇴사위험도가 상대적으로 높은 편입니다. 고위험 직원 비율이 높아 선제적 관리가 필요합니다. 조직건강도 점수가 낮아 조직 운영 안정성 점검이 필요합니다.,0.9114,0.075,0.0136
국립해양박물관,기타공공기관,해양수산부,63.0,3.0,64045.0,167364.0,부산광역시,0.0476190476190476,2.613225076118354,30,0.4537,10.27,0.3333,33.43,0.1,0.68,12.57,0.3411,0.5321,0.8965,35.3,low,26.6,low,94.2,기관 평균 퇴사위험도가 상대적으로 높은 편입니다. 고위험 직원 비율이 높아 선제적 관리가 필요합니다. 조직건강도 점수가 낮아 조직 운영 안정성 점검이 필요합니다.,0.9177,0.0585,0.0238
국립해양생물자원관,기타공공기관,해양수산부,223.0,7.0,78810.0,187332.0,충청남도,0.0313901345291479,2.377007993909402,30,0.456,11.03,0.3667,32.8,0.1333,0.61,12.17,0.7114,0.2741,0.9067,42.1,medium,35.1,low,72.9,기관 평균 퇴사위험도가 상대적으로 높은 편입니다. 고위험 직원 비율이 높아 선제적 관리가 필요합니다. 조직건강도 점수가 낮아 조직 운영 안정성 점검이 필요합니다.,0.9147,0.065,0.0203
국립호남권생물자원관,기타공공기관,기후에너지환경부,185.0,0.0,64416.0,167569.0,전라남도,0.0,2.601356805762544,30,0.471,10.73,0.4,34.17,0.1,0.63,14.0,0.3586,0.016,0.9621,32.7,low,24.8,low,96.5,기관 평균 퇴사위험도가 상대적으로 높은 편입니다. 고위험 직원 비율이 높아 선제적 관리가 필요합니다. 조직건강도 점수가 낮아 조직 운영 안정성 점검이 필요합니다.,0.9283,0.0499,0.0217
국민건강보험공단,준정부기관(위탁집행형),보건복지부,16156.0,915.0,68926.0,143493.0,강원도,0.0566353057687546,2.0818413951194032,484,0.452,10.74,0.3678,29.8,0.1178,0.67,11.86,0.4927,0.6531,0.8834,40.7,medium,31.6,low,84.3,기관 평균 퇴사위험도가 상대적으로 높은 편입니다. 고위험 직원 비율이 높아 선제적 관리가 필요합니다. 조직건강도 점수가 낮아 조직 운영 안정성 점검이 필요합니다.,0.8821,0.0833,0.0346
국민건강보험공단 일산병원,준정부기관(위탁집행형),보건복지부,2638.5,186.0,77544.0,,경기도,0.0704945992040932,,79,0.4442,10.76,0.2532,30.77,0.0633,0.7,11.01,0.688,0.793,0.8484,45.6,medium,36.6,low,66.8,기관 평균 퇴사위험도가 상대적으로 높은 편입니다. 고위험 직원 비율이 높아 선제적 관리가 필요합니다. 채용경쟁력이 낮아 채용 매력도 개선 검토가 필요합니다.,0.8666,0.1072,0.0262
국민연금공단,준정부기관(기금관리형),보건복지부,7430.0,251.0,73077.0,233419.0,전라북도,0.0337819650067294,3.1941513745775003,222,0.331,11.52,0.0811,28.35,0.1081,0.68,11.68,0.5743,0.3149,0.2099,70.9,high,46.3,medium,26.2,현재 주요 위험 신호는 크지 않으며 전반적으로 안정적인 상태입니다.,0.862,0.1024,0.0355
국방과학연구소,기타공공기관,방위사업청,3435.0,176.0,108374.0,204450.0,대전광역시,0.0512372634643377,1.886522597671028,103,0.4741,10.09,0.4854,34.92,0.1553,0.67,13.25,0.9825,0.5977,0.9738,33.0,low,41.4,medium,47.2,기관 평균 퇴사위험도가 상대적으로 높은 편입니다. 고위험 직원 비율이 높아 선제적 관리가 필요합니다. 조직건강도 점수가 낮아 조직 운영 안정성 점검이 필요합니다.,0.8829,0.0863,0.0308
국방기술진흥연구소,기타공공기관,방위사업청,367.0,12.0,91717.0,,경상남도,0.0326975476839237,,30,0.3237,12.13,0.0667,25.9,0.0667,0.71,9.63,0.8834,0.3003,0.1385,79.7,high,57.3,medium,3.8,현재 주요 위험 신호는 크지 않으며 전반적으로 안정적인 상태입니다.,0.9087,0.0654,0.0259
국방기술품질원,기타공공기관,방위사업청,684.0,13.0,91567.0,192738.0,경상남도,0.0190058479532163,2.104884947633973,30,0.3663,10.07,0.1667,34.6,0.2,0.65,14.5,0.8776,0.137,0.6647,58.5,medium,42.1,medium,43.4,채용경쟁력이 낮아 채용 매력도 개선 검토가 필요합니다.,0.8913,0.0753,0.0334
국방전직교육원,기타공공기관,국방부,42.0,1.0,49661.0,97479.0,경기도,0.0238095238095238,1.962888383238356,30,0.3197,11.9,0.0333,31.8,0.0667,0.69,10.37,0.0496,0.1939,0.1152,72.6,high,39.5,low,55.7,채용경쟁력이 낮아 채용 매력도 개선 검토가 필요합니다.,0.9051,0.076,0.0189
국악방송,기타공공기관,문화체육관광부,76.0,5.0,58519.0,109133.0,서울특별시,0.0657894736842105,1.8649156684153865,30,0.3187,11.83,0.1,34.33,0.1667,0.68,11.47,0.2012,0.7551,0.0977,70.4,high,45.2,medium,29.2,현재 주요 위험 신호는 크지 않으며 전반적으로 안정적인 상태입니다.,0.9087,0.0768,0.0145
국제방송교류재단,기타공공기관,문화체육관광부,227.0,9.0,62762.0,135445.0,서울특별시,0.039647577092511,2.1580733564895955,30,0.3577,9.47,0.0667,30.27,0.1333,0.67,10.5,0.312,0.414,0.5831,56.5,medium,29.7,low,88.6,채용경쟁력이 낮아 채용 매력도 개선 검토가 필요합니다.,0.897,0.0827,0.0203
국제식물검역인증원,기타공공기관,농림축산식품부,56.0,7.0,53894.0,202704.0,부산광역시,0.125,3.761160797120273,30,0.3367,10.6,0.1333,30.3,0.1333,0.67,11.43,0.105,0.9446,0.3222,56.5,medium,39.1,low,58.0,채용경쟁력이 낮아 채용 매력도 개선 검토가 필요합니다.,0.9188,0.061,0.0203
국토교통과학기술진흥원,기타공공기관,국토교통부,153.0,1.0,87557.0,207480.0,경기도,0.0065359477124183,2.3696563381568576,30,0.3457,11.5,0.0333,40.43,0.1667,0.63,13.8,0.8309,0.0554,0.4504,70.8,high,49.0,medium,16.3,현재 주요 위험 신호는 크지 않으며 전반적으로 안정적인 상태입니다.,0.8962,0.092,0.0118
국토안전관리원,준정부기관(위탁집행형),국토교통부,1094.7,82.0,69205.0,137201.0,경상남도,0.0749063670411985,1.9825301640054909,32,0.4253,11.19,0.2188,29.31,0.0625,0.69,12.25,0.5015,0.8105,0.7726,53.1,medium,37.4,low,65.0,기관 평균 퇴사위험도가 상대적으로 높은 편입니다. 채용경쟁력이 낮아 채용 매력도 개선 검토가 필요합니다.,0.8935,0.0729,0.0336
국토연구원,기타공공기관,국무조정실,283.0,11.0,86543.0,160000.0,세종특별자치시,0.03886925795053,1.8487919300232252,30,0.34,10.77,0.0,30.9,0.0667,0.68,13.1,0.8192,0.4052,0.3644,73.8,high,47.2,medium,22.4,현재 주요 위험 신호는 크지 않으며 전반적으로 안정적인 상태입니다.,0.9207,0.06,0.0193
그랜드코리아레저(주),공기업(준시장형),문화체육관광부,1771.0,45.0,72697.0,149232.0,서울특별시,0.0254093732354601,2.0527944757005105,53,0.3375,10.09,0.1321,34.19,0.1887,0.67,11.77,0.5656,0.2157,0.3324,61.0,medium,37.7,low,63.3,채용경쟁력이 낮아 채용 매력도 개선 검토가 필요합니다.,0.883,0.0985,0.0185
극지연구소,기타공공기관,해양수산부,294.0,4.0,84139.0,,인천광역시,0.0136054421768707,,30,0.3307,11.23,0.0667,25.43,0.0333,0.74,7.63,0.7813,0.0875,0.1983,73.3,high,48.0,medium,18.7,현재 주요 위험 신호는 크지 않으며 전반적으로 안정적인 상태입니다.,0.9065,0.0772,0.0162
근로복지공단,준정부기관(기금관리형),고용노동부,10158.63,459.5,64992.0,158139.0,울산광역시,0.045232477213955,2.433207163958641,304,0.3339,11.28,0.0855,29.68,0.0855,0.68,11.31,0.3761,0.5015,0.2536,68.4,medium,42.3,medium,42.0,채용경쟁력이 낮아 채용 매력도 개선 검토가 필요합니다.,0.8819,0.0797,0.0384
기술보증기금,준정부기관(기금관리형),중소벤처기업부,1586.0,91.0,96353.0,265699.0,부산광역시,0.0573770491803278,2.757558145568898,47,0.3589,10.55,0.1064,30.45,0.0851,0.68,12.49,0.9242,0.6647,0.6006,65.0,medium,49.4,medium,15.7,현재 주요 위험 신호는 크지 않으며 전반적으로 안정적인 상태입니다.,0.8969,0.0734,0.0296
기초과학연구원,기타공공기관,과학기술정보통신부,443.0,17.0,84524.0,265278.0,대전광역시,0.0383747178329571,3.138493209029388,30,0.3173,12.4,0.1,33.77,0.1333,0.69,13.17,0.7843,0.3936,0.0875,76.6,high,56.8,medium,4.7,현재 주요 위험 신호는 크지 않으며 전반적으로 안정적인 상태입니다.,0.9039,0.0711,0.025
노사발전재단,기타공공기관,고용노동부,300.0,7.0,50957.0,168031.0,서울특별시,0.0233333333333333,3.2975057401338383,30,0.335,11.13,0.1333,32.43,0.1667,0.72,9.9,0.0583,0.1895,0.2755,59.3,medium,34.7,low,75.2,채용경쟁력이 낮아 채용 매력도 개선 검토가 필요합니다.,0.9046,0.0811,0.0143
농림수산식품교육문화정보원,기타공공기관,농림축산식품부,169.0,10.0,59049.0,138353.0,세종특별자치시,0.059171597633136,2.343020203559756,30,0.3357,12.1,0.1,31.97,0.1333,0.67,13.4,0.2128,0.688,0.2945,69.5,medium,45.0,medium,30.9,현재 주요 위험 신호는 크지 않으며 전반적으로 안정적인 상태입니다.,0.9149,0.0581,0.0269
농림식품기술기획평가원,기타공공기관,농림축산식품부,98.0,12.0,67284.0,154140.0,전라남도,0.1224489795918367,2.290886392009988,30,0.3487,11.37,0.1667,28.9,0.0333,0.68,11.0,0.4257,0.9417,0.5146,64.7,medium,47.1,medium,23.3,현재 주요 위험 신호는 크지 않으며 전반적으로 안정적인 상태입니다.,0.9275,0.049,0.0236
농업정책보험금융원,기타공공기관,농림축산식품부,86.0,5.0,67737.0,207581.0,서울특별시,0.0581395348837209,3.0645142241315675,30,0.335,10.8,0.0667,32.27,0.1,0.68,10.57,0.4402,0.6735,0.2755,64.8,medium,41.6,medium,46.6,채용경쟁력이 낮아 채용 매력도 개선 검토가 필요합니다.,0.9014,0.0783,0.0203
대구경북첨단의료산업진흥재단,기타공공기관,보건복지부,406.0,7.0,60596.0,279770.0,대구광역시,0.0172413793103448,4.6169714172552645,30,0.422,11.3,0.2333,26.97,0.0333,0.71,10.07,0.2536,0.1166,0.7609,45.8,medium,31.5,low,84.8,기관 평균 퇴사위험도가 상대적으로 높은 편입니다. 채용경쟁력이 낮아 채용 매력도 개선 검토가 필요합니다.,0.9151,0.0608,0.024
대외경제정책연구원,기타공공기관,국무조정실,221.0,11.0,75968.0,189307.0,세종특별자치시,0.0497737556561085,2.491930812973884,30,0.453,11.5,0.4,28.4,0.1333,0.7,11.63,0.6414,0.5685,0.8907,44.2,medium,37.8,low,62.7,기관 평균 퇴사위험도가 상대적으로 높은 편입니다. 고위험 직원 비율이 높아 선제적 관리가 필요합니다. 조직건강도 점수가 낮아 조직 운영 안정성 점검이 필요합니다.,0.9105,0.0676,0.0219
대한무역투자진흥공사,준정부기관(위탁집행형),산업통상부,1293.0,63.0,108925.0,191076.0,서울특별시,0.0487238979118329,1.754197842552215,38,0.3468,11.21,0.1053,38.11,0.1316,0.64,13.24,0.9883,0.551,0.484,70.1,high,58.2,medium,3.2,현재 주요 위험 신호는 크지 않으며 전반적으로 안정적인 상태입니다.,0.8797,0.0993,0.021
대한법률구조공단,기타공공기관,법무부,871.0,15.0,81126.0,156723.0,경상북도,0.0172215843857634,1.9318467568966795,30,0.3487,10.53,0.1333,28.73,0.1,0.69,11.5,0.7522,0.1137,0.5146,66.0,medium,41.8,medium,45.2,채용경쟁력이 낮아 채용 매력도 개선 검토가 필요합니다.,0.9017,0.0716,0.0267
대한석탄공사,기타공공기관,산업통상부,187.0,0.0,71680.0,73389.0,강원도,0.0,1.0238420758928573,30,0.337,10.73,0.1,25.7,0.0333,0.73,10.8,0.551,0.016,0.3265,71.1,high,39.1,low,58.0,채용경쟁력이 낮아 채용 매력도 개선 검토가 필요합니다.,0.9147,0.0665,0.0189
대한장애인체육회,기타공공기관,문화체육관광부,143.0,2.0,60828.0,127471.0,서울특별시,0.0139860139860139,2.095597422239758,30,0.3813,9.9,0.2,39.47,0.2333,0.63,13.47,0.2566,0.0933,0.7318,46.3,medium,27.6,low,93.3,기관 평균 퇴사위험도가 상대적으로 높은 편입니다. 채용경쟁력이 낮아 채용 매력도 개선 검토가 필요합니다.,0.8942,0.0863,0.0194
대한적십자사,기타공공기관,보건복지부,4393.0,364.0,65205.0,,강원도,0.0828590940132028,,131,0.331,10.95,0.084,27.96,0.084,0.69,11.63,0.3819,0.8367,0.2041,66.1,medium,43.2,medium,38.2,채용경쟁력이 낮아 채용 매력도 개선 검토가 필요합니다.,0.894,0.071,0.035
대한체육회,기타공공기관,문화체육관광부,282.0,21.0,68491.0,142310.0,서울특별시,0.0744680851063829,2.077791242645019,30,0.373,9.77,0.1,34.13,0.1,0.69,11.13,0.4665,0.8076,0.6953,55.0,medium,34.3,low,76.1,채용경쟁력이 낮아 채용 매력도 개선 검토가 필요합니다.,0.9075,0.0721,0.0204
독립기념관,기타공공기관,국가보훈부,142.0,2.0,62773.0,123448.0,충청남도,0.0140845070422535,1.9665779873512497,30,0.442,11.7,0.3,31.33,0.1,0.67,12.23,0.3149,0.0962,0.8338,47.6,medium,32.5,low,80.5,기관 평균 퇴사위험도가 상대적으로 높은 편입니다. 고위험 직원 비율이 높아 선제적 관리가 필요합니다. 채용경쟁력이 낮아 채용 매력도 개선 검토가 필요합니다.,0.9167,0.0628,0.0205
동남권원자력의학원,기타공공기관,과학기술정보통신부,724.0,48.0,83238.0,,부산광역시,0.0662983425414364,,30,0.332,11.4,0.1,30.7,0.0667,0.68,11.93,0.7668,0.7609,0.2303,70.5,high,51.5,medium,10.5,현재 주요 위험 신호는 크지 않으며 전반적으로 안정적인 상태입니다.,0.8929,0.0798,0.0272
동북아역사재단,기타공공기관,교육부,116.0,12.0,66854.0,171621.0,서울특별시,0.1034482758620689,2.56710144493972,30,0.2993,12.03,0.1,24.97,0.0,0.74,8.3,0.4169,0.898,0.016,78.1,high,53.4,medium,8.2,현재 주요 위험 신호는 크지 않으며 전반적으로 안정적인 상태입니다.,0.8952,0.0811,0.0237
무역안보관리원,기타공공기관,산업통상부,72.0,8.0,56709.0,177023.0,서울특별시,0.1111111111111111,3.1216032728491068,30,0.509,8.87,0.4667,44.7,0.3333,0.62,15.23,0.1516,0.9242,1.0,8.0,low,15.5,low,100.0,기관 평균 퇴사위험도가 상대적으로 높은 편입니다. 고위험 직원 비율이 높아 선제적 관리가 필요합니다. 조직건강도 점수가 낮아 조직 운영 안정성 점검이 필요합니다.,0.9085,0.0758,0.0157
민주화운동기념사업회,기타공공기관,행정안전부,70.0,2.0,58868.0,113718.0,경기도,0.0285714285714285,1.9317456003261533,30,0.3623,11.0,0.1,37.37,0.1667,0.66,13.77,0.2099,0.2449,0.6327,59.3,medium,35.1,low,72.9,채용경쟁력이 낮아 채용 매력도 개선 검토가 필요합니다.,0.9119,0.0726,0.0156
부산대학교병원,기타공공기관,교육부,6981.0,550.0,67746.0,178096.0,부산광역시,0.0787852743160005,2.6288784577687245,209,0.3462,10.78,0.1196,31.19,0.1244,0.68,11.79,0.4431,0.828,0.4694,62.5,medium,41.8,medium,45.2,채용경쟁력이 낮아 채용 매력도 개선 검토가 필요합니다.,0.8794,0.0816,0.039
부산대학교치과병원,기타공공기관,교육부,287.0,36.0,62325.0,116694.0,경상남도,0.1254355400696864,1.872346570397112,30,0.3427,11.63,0.1667,29.77,0.1333,0.68,11.43,0.3032,0.9475,0.4009,66.3,medium,47.2,medium,22.4,현재 주요 위험 신호는 크지 않으며 전반적으로 안정적인 상태입니다.,0.9161,0.0584,0.0255
부산항만공사,기타공공기관,해양수산부,274.0,6.0,85049.0,166729.0,부산광역시,0.0218978102189781,1.9603875412997211,30,0.311,12.4,0.1,28.83,0.0667,0.7,10.77,0.793,0.1837,0.0379,82.2,high,56.5,medium,5.2,현재 주요 위험 신호는 크지 않으며 전반적으로 안정적인 상태입니다.,0.9096,0.0651,0.0254
북한이탈주민지원재단,기타공공기관,통일부,172.0,3.0,64144.0,183200.0,서울특별시,0.0174418604651162,2.856073833873784,30,0.345,10.0,0.1667,28.7,0.1667,0.71,10.3,0.3469,0.1195,0.4417,56.1,medium,32.8,low,79.6,채용경쟁력이 낮아 채용 매력도 개선 검토가 필요합니다.,0.8982,0.0757,0.0262
분당서울대학교병원,기타공공기관,교육부,5747.0,545.06,79001.0,,경기도,0.0948425265355837,,172,0.4415,11.35,0.2791,33.81,0.1105,0.68,11.48,0.7143,0.8776,0.8309,47.0,medium,41.9,medium,44.6,기관 평균 퇴사위험도가 상대적으로 높은 편입니다. 고위험 직원 비율이 높아 선제적 관리가 필요합니다. 채용경쟁력이 낮아 채용 매력도 개선 검토가 필요합니다.,0.8584,0.1131,0.0284
사립학교교직원연금공단,기타공공기관,교육부,254.0,24.0,67437.0,191264.0,전라남도,0.0944881889763779,2.836187849400181,30,0.3483,10.57,0.0333,27.97,0.1,0.68,10.93,0.4344,0.8746,0.5087,65.3,medium,41.3,medium,48.1,채용경쟁력이 낮아 채용 매력도 개선 검토가 필요합니다.,0.9239,0.0516,0.0244
산업연구원,기타공공기관,국무조정실,206.0,10.0,77484.0,175134.0,세종특별자치시,0.0485436893203883,2.260260182747406,30,0.325,11.3,0.0333,29.3,0.1333,0.69,11.9,0.6851,0.5481,0.1545,75.5,high,48.3,medium,17.8,현재 주요 위험 신호는 크지 않으며 전반적으로 안정적인 상태입니다.,0.913,0.0639,0.0231
새만금개발공사,기타공공기관,국토교통부,107.0,14.0,76789.0,158166.0,전라북도,0.1308411214953271,2.05974814100978,30,0.305,11.6,0.0667,25.37,0.1,0.69,11.37,0.6676,0.9534,0.0233,80.0,high,56.2,medium,6.1,현재 주요 위험 신호는 크지 않으며 전반적으로 안정적인 상태입니다.,0.9119,0.0674,0.0208
서민금융진흥원,기타공공기관,금융위원회,349.0,22.0,68063.0,277741.0,서울특별시,0.0630372492836676,4.080645872206632,30,0.3427,10.87,0.0333,28.67,0.0333,0.7,8.77,0.449,0.7376,0.4009,64.6,medium,41.7,medium,45.8,채용경쟁력이 낮아 채용 매력도 개선 검토가 필요합니다.,0.8988,0.0828,0.0185
서울대학교병원,기타공공기관,교육부,8495.0,653.0,78634.0,212217.0,서울특별시,0.0768687463213655,2.698794414629804,254,0.3328,11.12,0.0748,33.43,0.1102,0.67,11.31,0.7085,0.8192,0.242,69.5,medium,48.8,medium,16.9,현재 주요 위험 신호는 크지 않으며 전반적으로 안정적인 상태입니다.,0.8587,0.1078,0.0336
서울대학교치과병원,기타공공기관,교육부,670.0,81.0,68272.0,193301.0,서울특별시,0.1208955223880597,2.831336419029763,30,0.3347,11.07,0.0667,27.83,0.0667,0.72,9.63,0.4606,0.9359,0.2682,68.6,medium,47.0,medium,23.9,현재 주요 위험 신호는 크지 않으며 전반적으로 안정적인 상태입니다.,0.8927,0.0881,0.0193
서울올림픽기념국민체육진흥공단,준정부기관(기금관리형),문화체육관광부,1490.0,47.0,74925.0,170402.0,서울특별시,0.0315436241610738,2.274300967634301,44,0.3361,11.23,0.0682,33.86,0.1364,0.71,11.61,0.6152,0.277,0.3061,69.7,medium,44.9,medium,31.5,채용경쟁력이 낮아 채용 매력도 개선 검토가 필요합니다.,0.88,0.0989,0.0212
서울요양원,준정부기관(위탁집행형),보건복지부,118.0,22.0,34052.0,,서울특별시,0.1864406779661017,,30,0.481,10.77,0.4,39.2,0.1667,0.65,13.97,0.0029,0.9854,0.9913,24.7,low,23.4,low,98.0,기관 평균 퇴사위험도가 상대적으로 높은 편입니다. 고위험 직원 비율이 높아 선제적 관리가 필요합니다. 조직건강도 점수가 낮아 조직 운영 안정성 점검이 필요합니다.,0.912,0.0726,0.0155
선박해양플랜트연구소,기타공공기관,해양수산부,321.0,12.0,99021.0,,대전광역시,0.0373831775700934,,30,0.3597,10.83,0.2,35.27,0.1667,0.68,13.6,0.9592,0.3761,0.6093,60.1,medium,50.6,medium,12.2,현재 주요 위험 신호는 크지 않으며 전반적으로 안정적인 상태입니다.,0.9021,0.0753,0.0226
세종학당재단,기타공공기관,문화체육관광부,101.0,1.0,61949.0,151952.0,서울특별시,0.0099009900990099,2.4528563818625,30,0.3247,11.17,0.0333,30.63,0.0,0.68,10.9,0.2945,0.07,0.1516,69.9,medium,39.2,low,57.4,채용경쟁력이 낮아 채용 매력도 개선 검토가 필요합니다.,0.9015,0.0788,0.0197
소상공인시장진흥공단,준정부기관(기금관리형),중소벤처기업부,864.0,65.0,53086.0,152340.0,대전광역시,0.0752314814814814,2.8696831556342537,30,0.371,9.3,0.2333,38.67,0.2667,0.63,14.63,0.0875,0.8134,0.688,40.0,medium,26.1,low,95.3,조직건강도 점수가 낮아 조직 운영 안정성 점검이 필요합니다. 채용경쟁력이 낮아 채용 매력도 개선 검토가 필요합니다.,0.8944,0.0754,0.0302
소프트웨어정책연구소,기타공공기관,과학기술정보통신부,51.0,3.0,77671.0,,경기도,0.0588235294117647,,30,0.3233,10.67,0.0667,27.0,0.0333,0.72,8.57,0.691,0.6808,0.1327,69.8,medium,45.8,medium,27.7,현재 주요 위험 신호는 크지 않으며 전반적으로 안정적인 상태입니다.,0.9087,0.0781,0.0132
수도권매립지관리공사,기타공공기관,기후에너지환경부,346.0,0.0,88762.0,178109.0,인천광역시,0.0,2.00659065816453,30,0.344,10.67,0.2,35.83,0.1667,0.65,11.83,0.8542,0.016,0.4271,62.7,medium,44.9,medium,31.5,채용경쟁력이 낮아 채용 매력도 개선 검토가 필요합니다.,0.8799,0.0976,0.0225
스포츠윤리센터,기타공공기관,문화체육관광부,51.0,15.0,49984.0,,서울특별시,0.2941176470588235,,30,0.4597,10.77,0.3667,32.23,0.0667,0.68,11.03,0.0554,0.9942,0.9227,32.0,low,38.0,low,60.9,기관 평균 퇴사위험도가 상대적으로 높은 편입니다. 고위험 직원 비율이 높아 선제적 관리가 필요합니다. 조직건강도 점수가 낮아 조직 운영 안정성 점검이 필요합니다.,0.8909,0.0796,0.0296
시청자미디어재단,기타공공기관,방송미디어통신위원회,275.0,16.0,53844.0,174248.0,서울특별시,0.0581818181818181,3.2361637322635763,30,0.328,11.67,0.0667,29.6,0.1,0.73,10.47,0.102,0.6764,0.1822,67.4,medium,41.3,medium,48.1,채용경쟁력이 낮아 채용 매력도 개선 검토가 필요합니다.,0.8987,0.0799,0.0214
식품안전정보원,기타공공기관,식품의약품안전처,115.0,17.0,48810.0,123430.0,서울특별시,0.1478260869565217,2.5287850850235607,30,0.3277,11.73,0.0667,31.23,0.1333,0.69,11.43,0.0408,0.9738,0.1778,68.2,medium,45.1,medium,30.6,현재 주요 위험 신호는 크지 않으며 전반적으로 안정적인 상태입니다.,0.8983,0.0818,0.02
신용보증기금,준정부기관(기금관리형),금융위원회,2927.5,186.0,97179.0,244703.0,대구광역시,0.0635354397950469,2.5180646024346824,87,0.4726,10.01,0.4368,34.31,0.1379,0.66,12.89,0.9417,0.7434,0.9679,33.2,low,37.5,low,64.1,기관 평균 퇴사위험도가 상대적으로 높은 편입니다. 고위험 직원 비율이 높아 선제적 관리가 필요합니다. 조직건강도 점수가 낮아 조직 운영 안정성 점검이 필요합니다.,0.8813,0.0864,0.0323
신용보증재단중앙회,기타공공기관,중소벤처기업부,115.0,11.0,74325.0,194610.0,세종특별자치시,0.0956521739130434,2.618365287588295,30,0.3257,12.4,0.1,34.3,0.2,0.66,12.93,0.6093,0.8805,0.1618,74.8,high,55.5,medium,7.3,현재 주요 위험 신호는 크지 않으며 전반적으로 안정적인 상태입니다.,0.9186,0.0611,0.0203
아동권리보장원,기타공공기관,보건복지부,172.0,16.0,49208.0,154645.0,서울특별시,0.0930232558139534,3.142680052024061,30,0.373,10.23,0.2,42.07,0.2667,0.64,13.97,0.0466,0.8703,0.6953,43.6,medium,30.3,low,87.8,조직건강도 점수가 낮아 조직 운영 안정성 점검이 필요합니다. 채용경쟁력이 낮아 채용 매력도 개선 검토가 필요합니다.,0.9072,0.0746,0.0182
아시아·태평양경제협력체 기후센터,기타공공기관,기상청,64.0,3.0,66346.0,152308.0,부산광역시,0.046875,2.2956621348687185,30,0.4413,10.87,0.2667,28.33,0.0667,0.67,10.57,0.4082,0.516,0.8251,46.1,medium,31.6,low,84.3,기관 평균 퇴사위험도가 상대적으로 높은 편입니다. 고위험 직원 비율이 높아 선제적 관리가 필요합니다. 채용경쟁력이 낮아 채용 매력도 개선 검토가 필요합니다.,0.914,0.0686,0.0174
에너지경제연구원,기타공공기관,국무조정실,167.0,12.0,96427.0,160436.0,울산광역시,0.0718562874251497,1.6638078546465205,30,0.3053,11.37,0.0667,21.37,0.0333,0.74,9.13,0.9271,0.7959,0.0262,83.8,high,59.1,medium,2.6,현재 주요 위험 신호는 크지 않으며 전반적으로 안정적인 상태입니다.,0.9154,0.0684,0.0162
여수광양항만공사,기타공공기관,해양수산부,182.0,10.0,88033.0,176443.0,전라남도,0.0549450549450549,2.0042824849772245,30,0.3187,11.73,0.0,26.47,0.0667,0.71,10.5,0.8397,0.6385,0.0977,83.1,high,55.6,medium,6.7,현재 주요 위험 신호는 크지 않으며 전반적으로 안정적인 상태입니다.,0.9131,0.0626,0.0243
연구개발특구진흥재단,기타공공기관,과학기술정보통신부,170.0,7.0,67314.0,207581.0,대전광역시,0.0411764705882352,3.0837715779778354,30,0.341,10.9,0.0333,33.23,0.0667,0.65,12.4,0.4286,0.4461,0.379,65.3,medium,40.4,medium,51.9,채용경쟁력이 낮아 채용 매력도 개선 검토가 필요합니다.,0.9229,0.0573,0.0198
영상물등급위원회,기타공공기관,문화체육관광부,52.0,5.0,56746.0,151133.0,부산광역시,0.0961538461538461,2.6633242871744263,30,0.4307,11.77,0.2667,31.9,0.1333,0.68,12.9,0.1545,0.8863,0.7813,47.4,medium,36.4,low,68.2,기관 평균 퇴사위험도가 상대적으로 높은 편입니다. 고위험 직원 비율이 높아 선제적 관리가 필요합니다. 채용경쟁력이 낮아 채용 매력도 개선 검토가 필요합니다.,0.9215,0.0534,0.025
영화진흥위원회,기타공공기관,문화체육관광부,137.0,5.0,73380.0,156940.0,부산광역시,0.0364963503649635,2.138729899155083,30,0.3253,11.17,0.1,31.93,0.1,0.67,11.73,0.5831,0.3469,0.1574,70.2,high,45.2,medium,29.2,현재 주요 위험 신호는 크지 않으며 전반적으로 안정적인 상태입니다.,0.917,0.0613,0.0216
예금보험공사,준정부기관(기금관리형),금융위원회,843.0,35.0,97187.0,248919.0,서울특별시,0.0415183867141162,2.561237614084188,30,0.3237,12.23,0.1,34.43,0.1,0.68,12.57,0.9446,0.4606,0.1385,77.7,high,60.5,medium,2.0,현재 주요 위험 신호는 크지 않으며 전반적으로 안정적인 상태입니다.,0.8837,0.0982,0.018
예술의전당,기타공공기관,문화체육관광부,379.0,0.0,78531.0,151271.0,서울특별시,0.0,1.926258420241688,30,0.3343,11.63,0.0333,31.73,0.0667,0.69,11.0,0.7055,0.016,0.2595,76.0,high,46.7,medium,25.7,현재 주요 위험 신호는 크지 않으며 전반적으로 안정적인 상태입니다.,0.8714,0.1057,0.0229
오송첨단의료산업진흥재단,기타공공기관,보건복지부,390.0,27.0,58646.0,233904.0,충청북도,0.0692307692307692,3.9884050063090406,30,0.364,11.37,0.1,30.6,0.1,0.67,11.77,0.2041,0.7784,0.6487,58.7,medium,39.2,low,57.4,채용경쟁력이 낮아 채용 매력도 개선 검토가 필요합니다.,0.9146,0.0569,0.0286
울산항만공사,기타공공기관,해양수산부,126.0,5.0,83948.0,191852.0,울산광역시,0.0396825396825396,2.2853671320341165,30,0.364,11.2,0.0667,38.47,0.2,0.67,14.43,0.7784,0.4169,0.6487,65.9,medium,46.4,medium,25.9,현재 주요 위험 신호는 크지 않으며 전반적으로 안정적인 상태입니다.,0.9148,0.0617,0.0236
육아정책연구소,기타공공기관,국무조정실,63.0,1.0,66239.0,141659.0,서울특별시,0.0158730158730158,2.1386041455939853,30,0.3353,11.43,0.0667,33.97,0.1,0.63,10.13,0.4023,0.1079,0.2872,69.1,medium,41.7,medium,45.8,채용경쟁력이 낮아 채용 매력도 개선 검토가 필요합니다.,0.9093,0.073,0.0177
의료기관평가인증원,기타공공기관,보건복지부,75.0,10.0,56514.0,203048.0,서울특별시,0.1333333333333333,3.592879640443076,30,0.4387,10.63,0.3,33.63,0.2,0.68,10.8,0.1458,0.9592,0.809,36.2,low,32.0,low,82.8,기관 평균 퇴사위험도가 상대적으로 높은 편입니다. 고위험 직원 비율이 높아 선제적 관리가 필요합니다. 조직건강도 점수가 낮아 조직 운영 안정성 점검이 필요합니다.,0.8999,0.0795,0.0206
인천국제공항공사,공기업(시장형),국토교통부,1951.0,35.0,97651.0,198813.0,인천광역시,0.017939518195797,2.03595457291784,58,0.4266,11.14,0.2586,33.83,0.1034,0.7,11.64,0.9534,0.1312,0.7755,53.7,medium,44.7,medium,32.4,기관 평균 퇴사위험도가 상대적으로 높은 편입니다. 고위험 직원 비율이 높아 선제적 관리가 필요합니다. 채용경쟁력이 낮아 채용 매력도 개선 검토가 필요합니다.,0.889,0.092,0.019
인천항만공사,기타공공기관,해양수산부,280.5,8.0,91518.0,170905.0,인천광역시,0.0285204991087344,1.8674468410585896,30,0.3473,11.6,0.1333,32.73,0.1333,0.7,10.7,0.8746,0.242,0.4927,71.5,high,52.2,medium,9.9,현재 주요 위험 신호는 크지 않으며 전반적으로 안정적인 상태입니다.,0.9033,0.0826,0.014
자동차손해배상진흥원,기타공공기관,국토교통부,126.0,8.0,88478.0,194020.0,서울특별시,0.0634920634920634,2.192861502294356,30,0.35,10.83,0.0333,38.8,0.1667,0.65,12.2,0.8455,0.7405,0.5335,68.0,medium,48.9,medium,16.6,현재 주요 위험 신호는 크지 않으며 전반적으로 안정적인 상태입니다.,0.889,0.0938,0.0172
재단법인 건설기술교육원,기타공공기관,국토교통부,85.0,4.0,80214.0,273539.0,인천광역시,0.0470588235294117,3.410115441194804,30,0.3147,12.67,0.0,27.73,0.0333,0.71,9.93,0.723,0.5262,0.0598,83.5,high,57.2,medium,4.1,현재 주요 위험 신호는 크지 않으며 전반적으로 안정적인 상태입니다.,0.9026,0.0787,0.0188
재단법인 대한건설기계안전관리원,기타공공기관,국토교통부,221.0,24.0,47772.0,132396.0,서울특별시,0.1085972850678733,2.771414217533283,30,0.4707,9.9,0.3667,41.77,0.2,0.58,13.67,0.0321,0.9155,0.9592,23.2,low,20.5,low,98.8,기관 평균 퇴사위험도가 상대적으로 높은 편입니다. 고위험 직원 비율이 높아 선제적 관리가 필요합니다. 조직건강도 점수가 낮아 조직 운영 안정성 점검이 필요합니다.,0.8913,0.0876,0.0211
재단법인 장애인기업종합지원센터,기타공공기관,중소벤처기업부,49.0,5.0,52917.0,125169.0,서울특별시,0.1020408163265306,2.3653835251431485,30,0.3603,10.1,0.1333,38.17,0.2,0.67,11.6,0.0845,0.895,0.6152,50.9,medium,32.7,low,79.9,채용경쟁력이 낮아 채용 매력도 개선 검토가 필요합니다.,0.914,0.0694,0.0165
재단법인 한국공공조직은행,기타공공기관,보건복지부,66.0,8.0,51902.0,129888.0,서울특별시,0.1212121212121212,2.502562521675465,30,0.3243,11.03,0.0667,30.33,0.1,0.69,10.9,0.07,0.9388,0.1487,65.7,medium,41.4,medium,47.2,채용경쟁력이 낮아 채용 매력도 개선 검토가 필요합니다.,0.9008,0.0833,0.0159
재단법인 한국에너지재단,기타공공기관,기후에너지환경부,52.0,6.0,56400.0,168918.0,서울특별시,0.1153846153846153,2.995,30,0.3467,11.3,0.0667,33.8,0.0333,0.69,10.13,0.1429,0.93,0.481,62.4,medium,42.2,medium,42.3,채용경쟁력이 낮아 채용 매력도 개선 검토가 필요합니다.,0.9005,0.0792,0.0203
재단법인 한국자활복지개발원,기타공공기관,보건복지부,104.0,6.0,55557.0,186785.0,서울특별시,0.0576923076923076,3.362042586892741,30,0.356,10.63,0.1333,33.87,0.1333,0.67,11.03,0.1312,0.6676,0.5773,54.0,medium,34.2,low,76.7,채용경쟁력이 낮아 채용 매력도 개선 검토가 필요합니다.,0.9098,0.0724,0.0178
재단법인 한국장기조직기증원,기타공공기관,보건복지부,115.0,6.0,61431.0,135277.0,서울특별시,0.0521739130434782,2.202096661294786,30,0.3413,11.37,0.0333,39.33,0.2333,0.63,14.03,0.2741,0.6152,0.3819,65.9,medium,41.2,medium,48.7,채용경쟁력이 낮아 채용 매력도 개선 검토가 필요합니다.,0.9243,0.0608,0.0149
재외동포협력센터,기타공공기관,재외동포청,38.0,0.0,70660.0,125481.0,서울특별시,0.0,1.775842060571752,30,0.3407,10.7,0.1333,32.8,0.1,0.66,10.47,0.5306,0.016,0.3717,64.5,medium,38.3,low,60.3,채용경쟁력이 낮아 채용 매력도 개선 검토가 필요합니다.,0.904,0.0837,0.0123
전남대학교병원,기타공공기관,교육부,5522.5,228.0,75430.0,142232.0,광주광역시,0.0412856496152105,1.8856158027310088,165,0.3222,11.38,0.0545,30.29,0.0848,0.68,11.32,0.6297,0.4519,0.1283,75.3,high,47.7,medium,20.4,현재 주요 위험 신호는 크지 않으며 전반적으로 안정적인 상태입니다.,0.8701,0.0982,0.0317
전북대학교병원,기타공공기관,교육부,3192.0,197.0,72559.0,153332.0,전라북도,0.0617167919799498,2.1132044267423757,95,0.3741,10.02,0.1368,35.34,0.1368,0.62,13.64,0.5598,0.7143,0.7085,55.0,medium,36.3,low,69.1,기관 평균 퇴사위험도가 상대적으로 높은 편입니다. 채용경쟁력이 낮아 채용 매력도 개선 검토가 필요합니다.,0.8858,0.0828,0.0314
전쟁기념사업회,기타공공기관,국방부,235.0,13.0,67198.0,129351.0,서울특별시,0.0553191489361702,1.92492336081431,30,0.3163,11.83,0.0333,31.07,0.1,0.71,11.47,0.4227,0.6472,0.0787,76.8,high,48.2,medium,18.4,현재 주요 위험 신호는 크지 않으며 전반적으로 안정적인 상태입니다.,0.9021,0.0842,0.0137
정보통신기획평가원,준정부기관(위탁집행형),과학기술정보통신부,358.13,7.0,94127.0,,대전광역시,0.0195459749253064,,30,0.4367,11.53,0.3,29.93,0.1333,0.67,10.77,0.9038,0.1399,0.8003,51.1,medium,44.6,medium,32.7,기관 평균 퇴사위험도가 상대적으로 높은 편입니다. 고위험 직원 비율이 높아 선제적 관리가 필요합니다. 채용경쟁력이 낮아 채용 매력도 개선 검토가 필요합니다.,0.8912,0.0838,0.025
정보통신산업진흥원,기타공공기관,과학기술정보통신부,458.0,8.0,80795.0,225395.0,충청북도,0.0174672489082969,2.7897147100686923,30,0.3217,11.2,0.0,21.43,0.0333,0.74,8.5,0.7347,0.1224,0.1224,79.0,high,47.5,medium,21.3,현재 주요 위험 신호는 크지 않으며 전반적으로 안정적인 상태입니다.,0.9025,0.0701,0.0274
정보통신정책연구원,기타공공기관,국무조정실,174.0,5.0,90966.0,201031.0,충청북도,0.028735632183908,2.2099575665633315,30,0.3687,10.4,0.1333,33.67,0.1,0.64,11.63,0.8688,0.2507,0.6793,61.3,medium,43.9,medium,36.2,채용경쟁력이 낮아 채용 매력도 개선 검토가 필요합니다.,0.9148,0.066,0.0192
정부법무공단,기타공공기관,법무부,124.0,9.0,99846.0,209464.0,서울특별시,0.0725806451612903,2.0978707209102017,30,0.3357,11.07,0.0667,31.37,0.0667,0.71,10.73,0.9679,0.8017,0.2945,73.9,high,56.3,medium,5.8,현재 주요 위험 신호는 크지 않으며 전반적으로 안정적인 상태입니다.,0.8998,0.0853,0.0148
제주국제자유도시개발센터,공기업(준시장형),국토교통부,365.0,22.0,66261.0,146624.0,제주특별자치도,0.0602739726027397,2.2128250403706557,30,0.3347,11.0,0.1,26.13,0.0333,0.72,9.8,0.4052,0.6997,0.2682,68.4,medium,42.2,medium,42.3,채용경쟁력이 낮아 채용 매력도 개선 검토가 필요합니다.,0.9004,0.0706,0.029
제주대학교병원,기타공공기관,교육부,2016.0,99.0,64860.0,147809.0,제주특별자치도,0.0491071428571428,2.2788930003083565,60,0.3445,11.12,0.1167,27.28,0.0833,0.69,11.37,0.3732,0.5569,0.4344,66.2,medium,40.8,medium,50.1,채용경쟁력이 낮아 채용 매력도 개선 검토가 필요합니다.,0.8858,0.0849,0.0293
주식회사 에스알,공기업(준시장형),국토교통부,700.0,46.0,73837.0,123857.0,서울특별시,0.0657142857142857,1.677438140769533,30,0.3353,11.5,0.1333,36.97,0.2,0.66,11.17,0.6006,0.7522,0.2872,68.6,medium,48.0,medium,18.7,현재 주요 위험 신호는 크지 않으며 전반적으로 안정적인 상태입니다.,0.8772,0.1087,0.0141
주택관리공단(주),기타공공기관,국토교통부,2769.0,272.0,48307.0,156073.0,경상남도,0.098230408089563,3.230856811642205,83,0.3607,10.54,0.1205,28.45,0.0723,0.69,11.6,0.035,0.8921,0.621,54.9,medium,32.9,low,79.0,채용경쟁력이 낮아 채용 매력도 개선 검토가 필요합니다.,0.889,0.0762,0.0348
주택도시보증공사,공기업(준시장형),국토교통부,1149.0,56.0,78153.0,135177.0,부산광역시,0.0487380330722367,1.7296456949829182,34,0.425,11.06,0.2647,27.59,0.0882,0.71,11.59,0.7026,0.5539,0.7697,53.8,medium,38.7,low,59.5,기관 평균 퇴사위험도가 상대적으로 높은 편입니다. 고위험 직원 비율이 높아 선제적 관리가 필요합니다. 채용경쟁력이 낮아 채용 매력도 개선 검토가 필요합니다.,0.8975,0.0794,0.0231
중소기업기술정보진흥원,기타공공기관,중소벤처기업부,291.0,16.0,63799.0,225395.0,세종특별자치시,0.0549828178694158,3.532892365084092,30,0.435,10.93,0.3,29.87,0.1,0.68,11.67,0.3324,0.6414,0.7959,41.7,medium,32.0,low,82.8,기관 평균 퇴사위험도가 상대적으로 높은 편입니다. 고위험 직원 비율이 높아 선제적 관리가 필요합니다. 조직건강도 점수가 낮아 조직 운영 안정성 점검이 필요합니다.,0.9225,0.056,0.0215
중소기업은행,기타공공기관,금융위원회,13599.0,330.0,111088.0,342558.0,서울특별시,0.0242664901831017,3.083663401987613,407,0.3461,10.98,0.0786,34.36,0.14,0.68,11.61,0.9913,0.2012,0.4636,68.5,medium,56.5,medium,5.2,현재 주요 위험 신호는 크지 않으며 전반적으로 안정적인 상태입니다.,0.8594,0.1071,0.0335
중소벤처기업연구원,기타공공기관,중소벤처기업부,116.0,7.0,69843.0,193101.0,서울특별시,0.0603448275862069,2.76478673596495,30,0.4497,10.73,0.4,29.67,0.1333,0.73,10.73,0.519,0.7026,0.8717,38.3,low,32.4,low,80.8,기관 평균 퇴사위험도가 상대적으로 높은 편입니다. 고위험 직원 비율이 높아 선제적 관리가 필요합니다. 조직건강도 점수가 낮아 조직 운영 안정성 점검이 필요합니다.,0.9053,0.0788,0.0159
중소벤처기업진흥공단,준정부기관(기금관리형),중소벤처기업부,1434.0,60.0,85474.0,252444.0,경상남도,0.0418410041841004,2.953459531553454,43,0.3363,10.72,0.0698,32.4,0.093,0.65,12.37,0.7959,0.4636,0.312,67.8,medium,47.0,medium,23.9,현재 주요 위험 신호는 크지 않으며 전반적으로 안정적인 상태입니다.,0.8916,0.0825,0.0259
차세대수치예보모델개발사업단,기타공공기관,기상청,108.0,8.0,77945.0,157440.0,서울특별시,0.074074074074074,2.019885816922189,30,0.451,10.0,0.3,32.5,0.1667,0.65,10.83,0.6968,0.8047,0.8776,40.9,medium,32.4,low,80.8,기관 평균 퇴사위험도가 상대적으로 높은 편입니다. 고위험 직원 비율이 높아 선제적 관리가 필요합니다. 조직건강도 점수가 낮아 조직 운영 안정성 점검이 필요합니다.,0.893,0.0891,0.0179
창업진흥원,기타공공기관,중소벤처기업부,235.0,10.0,69361.0,189767.0,세종특별자치시,0.0425531914893617,2.7359322962471704,30,0.3463,10.6,0.1,28.8,0.0667,0.69,12.67,0.5073,0.4665,0.4752,63.6,medium,39.3,low,56.9,채용경쟁력이 낮아 채용 매력도 개선 검토가 필요합니다.,0.9258,0.0529,0.0213
축산물품질평가원,준정부기관(위탁집행형),농림축산식품부,474.0,28.0,65097.0,186821.0,세종특별자치시,0.0590717299578059,2.8698864771034,30,0.3513,11.5,0.1,31.87,0.0667,0.66,13.3,0.379,0.6851,0.551,64.9,medium,42.9,medium,40.5,채용경쟁력이 낮아 채용 매력도 개선 검토가 필요합니다.,0.8974,0.0737,0.0288
충남대학교병원,기타공공기관,교육부,5069.6,165.0,68599.0,157236.0,대전광역시,0.0325469465046552,2.292103383431245,152,0.4443,10.86,0.2895,29.17,0.0855,0.68,11.38,0.4752,0.2974,0.8513,45.1,medium,31.3,low,85.7,기관 평균 퇴사위험도가 상대적으로 높은 편입니다. 고위험 직원 비율이 높아 선제적 관리가 필요합니다. 채용경쟁력이 낮아 채용 매력도 개선 검토가 필요합니다.,0.8798,0.0819,0.0384
충북대학교병원,기타공공기관,교육부,2674.0,115.0,66981.0,152365.0,충청북도,0.0430067314884068,2.2747495558441946,80,0.3314,11.55,0.0625,29.88,0.1,0.68,12.16,0.4198,0.4781,0.2187,71.8,high,44.6,medium,32.7,채용경쟁력이 낮아 채용 매력도 개선 검토가 필요합니다.,0.8854,0.0834,0.0312
코레일관광개발(주),기타공공기관,국토교통부,1304.0,1.0,40752.0,117232.0,서울특별시,0.0007668711656441,2.8767177071064,39,0.3472,11.33,0.1026,39.36,0.2051,0.64,12.41,0.0087,0.0321,0.4898,57.9,medium,29.3,low,90.1,채용경쟁력이 낮아 채용 매력도 개선 검토가 필요합니다.,0.8879,0.0897,0.0224
코레일네트웍스(주),기타공공기관,국토교통부,1680.2,9.0,55740.0,117152.0,서울특별시,0.005356505177955,2.101758162899175,50,0.3214,11.38,0.04,30.68,0.08,0.7,11.12,0.1341,0.0466,0.1195,70.4,high,37.9,low,62.1,채용경쟁력이 낮아 채용 매력도 개선 검토가 필요합니다.,0.8878,0.0859,0.0263
코레일로지스(주),기타공공기관,국토교통부,543.0,14.0,46253.0,86990.0,서울특별시,0.0257826887661141,1.8807428707327087,30,0.3497,9.77,0.1333,29.6,0.1667,0.72,10.93,0.0175,0.2245,0.5277,54.3,medium,24.7,low,97.1,채용경쟁력이 낮아 채용 매력도 개선 검토가 필요합니다.,0.8834,0.0911,0.0254
코레일유통(주),기타공공기관,국토교통부,477.0,24.0,55043.0,124757.0,서울특별시,0.050314465408805,2.2665370710172046,30,0.4553,10.2,0.3,33.7,0.1,0.69,11.73,0.1166,0.5773,0.9009,34.6,low,22.7,low,98.3,기관 평균 퇴사위험도가 상대적으로 높은 편입니다. 고위험 직원 비율이 높아 선제적 관리가 필요합니다. 조직건강도 점수가 낮아 조직 운영 안정성 점검이 필요합니다.,0.8834,0.0935,0.0231
코레일테크(주),기타공공기관,국토교통부,5267.0,33.0,47219.0,104853.0,대전광역시,0.0062654262388456,2.220567991698257,158,0.3481,10.95,0.1013,30.62,0.0886,0.68,11.32,0.0292,0.0525,0.5044,60.9,medium,30.1,low,88.0,채용경쟁력이 낮아 채용 매력도 개선 검토가 필요합니다.,0.8775,0.0854,0.0371
태권도진흥재단,기타공공기관,문화체육관광부,89.0,8.0,61108.0,148391.0,전라북도,0.0898876404494382,2.428339988217582,30,0.3197,11.7,0.0333,22.83,0.0667,0.74,10.7,0.2653,0.8586,0.1152,76.1,high,46.9,medium,24.8,현재 주요 위험 신호는 크지 않으며 전반적으로 안정적인 상태입니다.,0.9188,0.0586,0.0226
통일연구원,기타공공기관,국무조정실,100.0,7.0,65541.0,154704.0,서울특별시,0.07,2.360415617704948,30,0.3747,10.07,0.1,38.43,0.2,0.64,11.73,0.3936,0.7843,0.7157,53.3,medium,34.3,low,76.1,기관 평균 퇴사위험도가 상대적으로 높은 편입니다. 채용경쟁력이 낮아 채용 매력도 개선 검토가 필요합니다.,0.9027,0.0775,0.0198
학교법인한국폴리텍,기타공공기관,고용노동부,2740.0,104.0,80283.0,167033.0,인천광역시,0.037956204379562,2.080552545370751,82,0.3439,10.72,0.122,36.15,0.1585,0.66,12.4,0.7259,0.3848,0.4198,64.6,medium,44.1,medium,35.9,채용경쟁력이 낮아 채용 매력도 개선 검토가 필요합니다.,0.8668,0.1009,0.0323
한국가스공사,공기업(시장형),산업통상부,4251.0,157.0,94008.0,128450.0,대구광역시,0.0369324864737708,1.3663730746319462,127,0.3333,11.16,0.0709,31.12,0.0945,0.68,11.75,0.9009,0.3586,0.2449,75.7,high,52.6,medium,9.6,현재 주요 위험 신호는 크지 않으며 전반적으로 안정적인 상태입니다.,0.8907,0.083,0.0264
한국가스안전공사,준정부기관(위탁집행형),산업통상부,1746.5,91.0,75032.0,176074.0,충청북도,0.0521042084168336,2.346652095106088,52,0.4388,10.73,0.3077,29.06,0.0577,0.65,11.21,0.6181,0.6122,0.8134,45.7,medium,34.8,low,74.6,기관 평균 퇴사위험도가 상대적으로 높은 편입니다. 고위험 직원 비율이 높아 선제적 관리가 필요합니다. 채용경쟁력이 낮아 채용 매력도 개선 검토가 필요합니다.,0.8888,0.0838,0.0274
한국개발연구원,기타공공기관,국무조정실,474.0,23.0,84767.0,189390.0,세종특별자치시,0.0485232067510548,2.234242098930008,30,0.2993,12.23,0.0,25.93,0.0667,0.69,11.43,0.7872,0.5452,0.016,87.3,high,58.2,medium,3.2,현재 주요 위험 신호는 크지 않으며 전반적으로 안정적인 상태입니다.,0.894,0.0781,0.0279
한국건강가정진흥원,기타공공기관,성평등가족부,83.0,10.0,46706.0,149801.0,서울특별시,0.1204819277108433,3.2073181175866057,30,0.3637,9.67,0.1,32.5,0.1,0.68,10.87,0.0233,0.9329,0.6443,49.2,medium,28.8,low,91.8,채용경쟁력이 낮아 채용 매력도 개선 검토가 필요합니다.,0.9078,0.0769,0.0153
한국건강증진개발원,기타공공기관,보건복지부,165.0,9.0,51119.0,196017.0,서울특별시,0.0545454545454545,3.8345233670455214,30,0.3333,11.33,0.1,35.83,0.1667,0.65,12.8,0.0641,0.6327,0.2478,59.4,medium,37.8,low,62.7,채용경쟁력이 낮아 채용 매력도 개선 검토가 필요합니다.,0.9067,0.0774,0.016
한국고용노동교육원,기타공공기관,고용노동부,118.0,6.0,75570.0,160628.0,경기도,0.0508474576271186,2.125552467910546,30,0.4593,11.6,0.4333,37.87,0.1667,0.65,13.87,0.6327,0.5889,0.9169,39.7,low,37.7,low,63.3,기관 평균 퇴사위험도가 상대적으로 높은 편입니다. 고위험 직원 비율이 높아 선제적 관리가 필요합니다. 조직건강도 점수가 낮아 조직 운영 안정성 점검이 필요합니다.,0.8946,0.0899,0.0156
한국고용정보원,준정부기관(위탁집행형),고용노동부,525.0,21.75,65867.0,138726.0,충청북도,0.0414285714285714,2.106153308940744,30,0.3257,11.37,0.0333,30.57,0.1,0.67,12.27,0.3994,0.4548,0.1618,72.7,high,43.6,medium,37.3,채용경쟁력이 낮아 채용 매력도 개선 검토가 필요합니다.,0.9081,0.0659,0.026
한국고전번역원,기타공공기관,교육부,142.0,7.0,64538.0,147639.0,서울특별시,0.0492957746478873,2.2876289937711114,30,0.354,10.4,0.0667,35.77,0.1333,0.66,11.93,0.3644,0.5656,0.5656,60.0,medium,36.1,low,69.7,채용경쟁력이 낮아 채용 매력도 개선 검토가 필요합니다.,0.9046,0.0791,0.0163
한국공예디자인문화진흥원,기타공공기관,문화체육관광부,68.0,4.0,56688.0,133725.0,서울특별시,0.0588235294117647,2.3589648602878914,30,0.344,11.27,0.1333,30.57,0.1333,0.69,11.13,0.1487,0.6808,0.4271,62.6,medium,39.0,low,58.9,채용경쟁력이 낮아 채용 매력도 개선 검토가 필요합니다.,0.9084,0.0729,0.0187
한국공정거래조정원,기타공공기관,공정거래위원회,121.0,10.0,59441.0,185512.0,서울특별시,0.0826446280991735,3.1209434565367338,30,0.4703,9.93,0.3667,39.93,0.2333,0.65,14.17,0.2245,0.8338,0.9563,25.2,low,23.7,low,97.7,기관 평균 퇴사위험도가 상대적으로 높은 편입니다. 고위험 직원 비율이 높아 선제적 관리가 필요합니다. 조직건강도 점수가 낮아 조직 운영 안정성 점검이 필요합니다.,0.9053,0.0782,0.0165
한국공항공사,공기업(시장형),국토교통부,2749.0,171.0,69998.0,118504.0,서울특별시,0.0622044379774463,1.692962656075888,82,0.3561,10.72,0.0854,35.6,0.122,0.67,11.77,0.5219,0.7259,0.5802,63.6,medium,40.5,medium,51.3,채용경쟁력이 낮아 채용 매력도 개선 검토가 필요합니다.,0.8747,0.0976,0.0277
한국과학기술기획평가원,기타공공기관,과학기술정보통신부,317.0,11.0,87822.0,210140.0,충청북도,0.0347003154574132,2.392794516180456,30,0.316,10.8,0.0667,25.9,0.0667,0.7,10.1,0.8367,0.3236,0.07,75.2,high,49.7,medium,14.9,현재 주요 위험 신호는 크지 않으며 전반적으로 안정적인 상태입니다.,0.9105,0.0678,0.0218
한국과학창의재단,기타공공기관,과학기술정보통신부,179.8,5.0,75085.0,223081.0,서울특별시,0.0278086763070077,2.971046147699274,30,0.3407,11.0,0.1,32.27,0.1,0.7,11.33,0.621,0.2362,0.3717,65.7,medium,43.2,medium,38.2,채용경쟁력이 낮아 채용 매력도 개선 검토가 필요합니다.,0.9032,0.0814,0.0154
한국관광공사,준정부기관(위탁집행형),문화체육관광부,759.0,28.0,84880.0,156093.0,강원도,0.0368906455862977,1.8389844486333649,30,0.3327,12.4,0.0667,27.27,0.0333,0.68,11.6,0.7901,0.3557,0.2376,81.6,high,55.5,medium,7.3,현재 주요 위험 신호는 크지 않으며 전반적으로 안정적인 상태입니다.,0.891,0.0796,0.0294
한국광해광업공단,공기업(준시장형),산업통상부,789.88,25.0,85536.0,123219.0,강원도,0.031650377272497,1.4405513468013469,30,0.4513,10.63,0.3,33.6,0.1,0.64,12.63,0.8017,0.2799,0.8805,46.2,medium,36.1,low,69.7,기관 평균 퇴사위험도가 상대적으로 높은 편입니다. 고위험 직원 비율이 높아 선제적 관리가 필요합니다. 채용경쟁력이 낮아 채용 매력도 개선 검토가 필요합니다.,0.8932,0.0823,0.0245
한국교육개발원,기타공공기관,국무조정실,228.0,4.0,94596.0,155765.0,충청북도,0.0175438596491228,1.646634107150408,30,0.4327,11.37,0.2,25.07,0.0,0.68,10.4,0.9125,0.1254,0.7901,60.4,medium,44.2,medium,35.3,기관 평균 퇴사위험도가 상대적으로 높은 편입니다. 채용경쟁력이 낮아 채용 매력도 개선 검토가 필요합니다.,0.9171,0.0649,0.018
한국교육과정평가원,기타공공기관,국무조정실,355.0,19.0,92466.0,157599.0,충청북도,0.0535211267605633,1.704399454934787,30,0.473,10.03,0.4,34.4,0.2,0.63,13.47,0.8921,0.6268,0.9708,36.1,low,35.1,low,72.9,기관 평균 퇴사위험도가 상대적으로 높은 편입니다. 고위험 직원 비율이 높아 선제적 관리가 필요합니다. 조직건강도 점수가 낮아 조직 운영 안정성 점검이 필요합니다.,0.9,0.0749,0.0251
한국교육학술정보원,기타공공기관,교육부,337.0,5.0,77268.0,207581.0,대구광역시,0.0148367952522255,2.686506703939535,30,0.3583,10.4,0.0667,36.6,0.1,0.65,14.8,0.6793,0.102,0.5889,61.3,medium,38.7,low,59.5,채용경쟁력이 낮아 채용 매력도 개선 검토가 필요합니다.,0.8999,0.0766,0.0235
한국교통안전공단,준정부기관(위탁집행형),국토교통부,1895.3,77.0,79352.0,196813.0,경상북도,0.04062681369704,2.480252545619518,56,0.4414,10.73,0.25,27.27,0.1071,0.69,11.45,0.7172,0.4344,0.828,49.2,medium,35.6,low,71.1,기관 평균 퇴사위험도가 상대적으로 높은 편입니다. 고위험 직원 비율이 높아 선제적 관리가 필요합니다. 채용경쟁력이 낮아 채용 매력도 개선 검토가 필요합니다.,0.8898,0.0806,0.0296
한국교통연구원,기타공공기관,국무조정실,245.0,3.0,92076.0,157226.0,세종특별자치시,0.0122448979591836,1.707567661497024,30,0.3367,11.13,0.0667,30.47,0.1333,0.66,12.0,0.8892,0.0816,0.3222,74.6,high,49.9,medium,14.6,현재 주요 위험 신호는 크지 않으며 전반적으로 안정적인 상태입니다.,0.9133,0.0645,0.0222
한국국방연구원,기타공공기관,국방부,510.0,19.0,96856.0,216712.0,서울특별시,0.0372549019607843,2.23746592880152,30,0.4537,11.03,0.3,37.2,0.1,0.7,11.83,0.9388,0.3703,0.8965,46.1,medium,42.7,medium,41.1,기관 평균 퇴사위험도가 상대적으로 높은 편입니다. 고위험 직원 비율이 높아 선제적 관리가 필요합니다. 채용경쟁력이 낮아 채용 매력도 개선 검토가 필요합니다.,0.8818,0.0985,0.0198
한국국제교류재단,기타공공기관,외교부,149.0,12.0,71542.0,166458.0,제주특별자치도,0.0805369127516778,2.326717173129071,30,0.322,11.07,0.1,22.63,0.0333,0.72,8.67,0.5423,0.8309,0.1254,72.9,high,46.9,medium,24.8,현재 주요 위험 신호는 크지 않으며 전반적으로 안정적인 상태입니다.,0.9128,0.0661,0.021
한국국제보건의료재단,기타공공기관,보건복지부,100.0,1.0,59676.0,134880.0,서울특별시,0.01,2.260205107580937,30,0.351,10.77,0.1333,36.77,0.1667,0.65,12.9,0.2362,0.0758,0.5481,57.9,medium,34.0,low,77.3,채용경쟁력이 낮아 채용 매력도 개선 검토가 필요합니다.,0.9068,0.0775,0.0157
한국국제협력단,준정부기관(위탁집행형),외교부,620.0,41.0,73170.0,156000.0,경기도,0.0661290322580645,2.132021320213202,30,0.3233,11.3,0.0667,30.53,0.0667,0.7,10.3,0.5773,0.758,0.1327,73.1,high,47.8,medium,20.1,현재 주요 위험 신호는 크지 않으며 전반적으로 안정적인 상태입니다.,0.8804,0.0981,0.0215
한국국토정보공사,준정부기관(위탁집행형),국토교통부,4566.0,7.0,80871.0,142582.0,전라북도,0.0015330705212439,1.7630794722459224,136,0.4527,10.54,0.3897,30.43,0.1176,0.67,11.76,0.7376,0.0379,0.8863,41.6,medium,31.9,low,83.4,기관 평균 퇴사위험도가 상대적으로 높은 편입니다. 고위험 직원 비율이 높아 선제적 관리가 필요합니다. 조직건강도 점수가 낮아 조직 운영 안정성 점검이 필요합니다.,0.8719,0.0953,0.0329
한국기상산업기술원,기타공공기관,기상청,162.0,17.0,56135.0,197739.0,대전광역시,0.1049382716049382,3.5225616816602834,30,0.4557,10.23,0.4,32.67,0.2333,0.67,12.5,0.1399,0.9038,0.9038,28.3,low,26.6,low,94.2,기관 평균 퇴사위험도가 상대적으로 높은 편입니다. 고위험 직원 비율이 높아 선제적 관리가 필요합니다. 조직건강도 점수가 낮아 조직 운영 안정성 점검이 필요합니다.,0.9115,0.0678,0.0207
한국기술교육대학교,기타공공기관,고용노동부,638.6,26.0,80771.0,183786.0,충청남도,0.0407140620106482,2.275395872280893,30,0.3187,11.63,0.0333,22.1,0.0333,0.71,9.23,0.7318,0.4373,0.0977,81.2,high,51.4,medium,10.8,현재 주요 위험 신호는 크지 않으며 전반적으로 안정적인 상태입니다.,0.8941,0.0794,0.0266
한국나노기술원,기타공공기관,과학기술정보통신부,89.5,1.0,108440.0,181482.0,경기도,0.0111731843575419,1.6735706381409077,30,0.3187,12.47,0.0667,35.47,0.1333,0.68,11.27,0.9854,0.0787,0.0977,83.0,high,64.7,medium,0.6,현재 주요 위험 신호는 크지 않으며 전반적으로 안정적인 상태입니다.,0.8905,0.0959,0.0136
한국남동발전(주),공기업(시장형),기후에너지환경부,2882.0,75.0,96484.0,172832.0,경상남도,0.0260235947258848,1.7913021848182082,86,0.3381,10.9,0.1047,26.77,0.0698,0.7,10.67,0.93,0.2274,0.3411,73.3,high,51.1,medium,11.1,현재 주요 위험 신호는 크지 않으며 전반적으로 안정적인 상태입니다.,0.888,0.0838,0.0282
한국남부발전(주),공기업(시장형),기후에너지환경부,2713.0,126.0,99777.0,213444.0,부산광역시,0.0464430519719867,2.139210439279593,81,0.3836,9.63,0.0988,38.04,0.1852,0.63,13.74,0.965,0.5102,0.7376,56.3,medium,43.2,medium,38.2,기관 평균 퇴사위험도가 상대적으로 높은 편입니다. 채용경쟁력이 낮아 채용 매력도 개선 검토가 필요합니다.,0.8942,0.0774,0.0284
한국노동연구원,기타공공기관,국무조정실,149.0,3.0,75613.0,155324.0,세종특별자치시,0.0201342281879194,2.05419702961131,30,0.4693,10.97,0.4333,35.8,0.1667,0.62,13.77,0.6356,0.156,0.9534,36.1,low,31.7,low,84.0,기관 평균 퇴사위험도가 상대적으로 높은 편입니다. 고위험 직원 비율이 높아 선제적 관리가 필요합니다. 조직건강도 점수가 낮아 조직 운영 안정성 점검이 필요합니다.,0.9173,0.0612,0.0215
한국노인인력개발원,기타공공기관,보건복지부,181.0,24.0,57281.0,197413.0,경기도,0.1325966850828729,3.4463958380614863,30,0.3123,11.7,0.0667,28.4,0.0667,0.7,11.33,0.1574,0.9563,0.0437,70.1,high,48.6,medium,17.5,현재 주요 위험 신호는 크지 않으며 전반적으로 안정적인 상태입니다.,0.8977,0.0787,0.0236
한국농수산식품유통공사,준정부기관(위탁집행형),농림축산식품부,927.0,48.0,76348.0,170267.0,전라남도,0.0517799352750809,2.2301435532037512,30,0.3153,11.53,0.0667,25.27,0.0667,0.71,9.83,0.656,0.6093,0.0656,77.9,high,50.1,medium,13.7,현재 주요 위험 신호는 크지 않으며 전반적으로 안정적인 상태입니다.,0.894,0.0828,0.0233
한국농어촌공사,준정부기관(위탁집행형),농림축산식품부,6580.0,169.0,71966.0,142489.0,전라남도,0.0256838905775075,1.979948864741684,197,0.3462,11.15,0.1015,30.71,0.1015,0.66,12.16,0.5539,0.2216,0.4665,67.9,medium,42.1,medium,43.4,채용경쟁력이 낮아 채용 매력도 개선 검토가 필요합니다.,0.875,0.0885,0.0365
한국농업기술진흥원,기타공공기관,농촌진흥청,332.0,10.0,67576.0,206863.0,전라북도,0.0301204819277108,3.0611903634426425,30,0.3337,11.73,0.1333,30.47,0.1333,0.67,12.07,0.4373,0.2624,0.2507,67.7,medium,44.8,medium,32.1,채용경쟁력이 낮아 채용 매력도 개선 검토가 필요합니다.,0.9061,0.0604,0.0335
한국농촌경제연구원,기타공공기관,국무조정실,163.0,6.0,87551.0,155755.0,전라남도,0.0368098159509202,1.7790202282098435,30,0.4233,11.6,0.3333,24.23,0.0333,0.71,9.77,0.828,0.3528,0.7638,56.4,medium,44.6,medium,32.7,기관 평균 퇴사위험도가 상대적으로 높은 편입니다. 고위험 직원 비율이 높아 선제적 관리가 필요합니다. 채용경쟁력이 낮아 채용 매력도 개선 검토가 필요합니다.,0.9095,0.0709,0.0196
한국데이터산업진흥원,기타공공기관,과학기술정보통신부,97.0,7.0,68668.0,175351.0,서울특별시,0.0721649484536082,2.553605755228054,30,0.3667,10.0,0.2,34.93,0.2,0.66,12.63,0.484,0.7988,0.6706,51.6,medium,36.0,low,70.6,채용경쟁력이 낮아 채용 매력도 개선 검토가 필요합니다.,0.9095,0.0684,0.0221
한국도로공사,공기업(시장형),국토교통부,9075.0,179.0,88499.0,166439.0,경상북도,0.019724517906336,1.8806879173775972,272,0.3362,10.82,0.0809,29.35,0.1213,0.67,11.58,0.8513,0.1458,0.309,72.1,high,47.4,medium,21.9,현재 주요 위험 신호는 크지 않으며 전반적으로 안정적인 상태입니다.,0.8689,0.0924,0.0387
한국도로공사서비스(주),기타공공기관,국토교통부,5279.0,263.0,48754.0,160000.0,경기도,0.0498200416745595,3.2817820076301434,158,0.3496,11.22,0.1013,35.78,0.1582,0.67,12.32,0.0379,0.5714,0.5248,57.7,medium,34.6,low,75.5,채용경쟁력이 낮아 채용 매력도 개선 검토가 필요합니다.,0.8748,0.094,0.0312
한국도로교통공단,준정부기관(위탁집행형),경찰청,3041.0,108.0,64103.0,129477.0,강원도,0.0355146333442946,2.0198274651732366,91,0.3469,10.74,0.1099,31.6,0.1209,0.66,12.21,0.344,0.3324,0.4869,62.8,medium,37.5,low,64.1,채용경쟁력이 낮아 채용 매력도 개선 검토가 필요합니다.,0.8878,0.08,0.0321
한국도박문제예방치유원,기타공공기관,문화체육관광부,92.0,2.0,60136.0,131907.0,서울특별시,0.0217391304347826,2.1934781162697883,30,0.462,10.47,0.4,41.67,0.2,0.63,13.83,0.242,0.1808,0.9329,29.4,low,23.8,low,97.4,기관 평균 퇴사위험도가 상대적으로 높은 편입니다. 고위험 직원 비율이 높아 선제적 관리가 필요합니다. 조직건강도 점수가 낮아 조직 운영 안정성 점검이 필요합니다.,0.9054,0.0747,0.0199
한국동서발전(주),공기업(시장형),기후에너지환경부,2596.0,122.0,96175.0,162091.0,울산광역시,0.046995377503852,1.6853756173641798,77,0.4423,10.55,0.2727,28.97,0.0519,0.7,10.88,0.9213,0.519,0.8367,50.4,medium,41.5,medium,46.9,기관 평균 퇴사위험도가 상대적으로 높은 편입니다. 고위험 직원 비율이 높아 선제적 관리가 필요합니다. 채용경쟁력이 낮아 채용 매력도 개선 검토가 필요합니다.,0.8878,0.0827,0.0296
한국등산·트레킹지원센터,기타공공기관,산림청,43.0,10.0,52037.0,133305.0,대전광역시,0.2325581395348837,2.561734919384284,30,0.379,9.93,0.1667,39.03,0.2333,0.64,14.47,0.0729,0.9913,0.7289,45.4,medium,37.7,low,63.3,기관 평균 퇴사위험도가 상대적으로 높은 편입니다. 채용경쟁력이 낮아 채용 매력도 개선 검토가 필요합니다.,0.9179,0.0576,0.0245
한국디자인진흥원,기타공공기관,산업통상부,186.0,10.0,63604.0,154140.0,경기도,0.053763440860215,2.4234324885227343,30,0.348,10.17,0.0333,39.5,0.2,0.62,13.67,0.3265,0.6297,0.5015,58.8,medium,35.3,low,72.3,채용경쟁력이 낮아 채용 매력도 개선 검토가 필요합니다.,0.9048,0.0806,0.0146
한국로봇산업진흥원,기타공공기관,산업통상부,122.0,3.0,76084.0,154140.0,대구광역시,0.0245901639344262,2.025918721413175,30,0.3657,10.93,0.2333,33.7,0.1667,0.67,12.1,0.6443,0.2041,0.6589,58.5,medium,40.9,medium,49.3,채용경쟁력이 낮아 채용 매력도 개선 검토가 필요합니다.,0.9178,0.0573,0.0248
한국마사회,공기업(준시장형),농림축산식품부,2865.6,51.0,94208.0,138921.0,경기도,0.0177973199329983,1.4746199898097827,85,0.3601,10.71,0.0588,36.15,0.1529,0.67,11.95,0.9067,0.1283,0.6122,68.3,medium,46.9,medium,24.8,현재 주요 위험 신호는 크지 않으며 전반적으로 안정적인 상태입니다.,0.8676,0.1097,0.0228
한국마약퇴치운동본부,기타공공기관,식품의약품안전처,173.0,72.0,38229.0,90222.0,서울특별시,0.4161849710982659,2.360040806717413,30,0.44,11.47,0.3,28.7,0.0667,0.7,10.2,0.0058,1.0,0.8163,43.7,medium,46.0,medium,27.1,기관 평균 퇴사위험도가 상대적으로 높은 편입니다. 고위험 직원 비율이 높아 선제적 관리가 필요합니다. 조직건강도 점수가 낮아 조직 운영 안정성 점검이 필요합니다.,0.9019,0.0818,0.0163
한국무역보험공사,준정부기관(기금관리형),산업통상부,833.0,41.0,100036.0,256814.0,서울특별시,0.04921968787515,2.567215802311168,30,0.3437,10.87,0.1,34.6,0.1333,0.68,12.2,0.9708,0.5598,0.414,68.2,medium,53.3,medium,8.5,현재 주요 위험 신호는 크지 않으며 전반적으로 안정적인 상태입니다.,0.8759,0.1039,0.0202
한국문학번역원,기타공공기관,문화체육관광부,58.0,2.0,49668.0,158240.0,서울특별시,0.0344827586206896,3.1859547394700813,30,0.3983,9.37,0.1333,41.33,0.2,0.62,13.4,0.0525,0.3207,0.7493,38.8,low,20.3,low,99.1,기관 평균 퇴사위험도가 상대적으로 높은 편입니다. 조직건강도 점수가 낮아 조직 운영 안정성 점검이 필요합니다. 채용경쟁력이 낮아 채용 매력도 개선 검토가 필요합니다.,0.8894,0.0873,0.0233
한국문화관광연구원,기타공공기관,문화체육관광부,140.0,5.0,77194.0,165031.0,서울특별시,0.0357142857142857,2.1378734098505063,30,0.4603,10.47,0.4333,36.57,0.2,0.66,11.5,0.6764,0.3367,0.9271,34.6,low,31.4,low,85.1,기관 평균 퇴사위험도가 상대적으로 높은 편입니다. 고위험 직원 비율이 높아 선제적 관리가 필요합니다. 조직건강도 점수가 낮아 조직 운영 안정성 점검이 필요합니다.,0.8973,0.0838,0.0189
한국문화예술교육진흥원,기타공공기관,문화체육관광부,148.0,0.0,58178.0,123499.0,서울특별시,0.0,2.1227783698305203,30,0.313,12.13,0.0333,24.13,0.0333,0.77,8.87,0.1895,0.016,0.0466,78.6,high,43.2,medium,38.2,채용경쟁력이 낮아 채용 매력도 개선 검토가 필요합니다.,0.8977,0.0802,0.0221
한국문화예술위원회,기타공공기관,문화체육관광부,262.0,8.0,64652.0,174582.0,전라남도,0.0305343511450381,2.7003340963929965,30,0.4687,11.17,0.4,36.67,0.2,0.64,14.93,0.3673,0.2653,0.949,34.1,low,29.1,low,91.0,기관 평균 퇴사위험도가 상대적으로 높은 편입니다. 고위험 직원 비율이 높아 선제적 관리가 필요합니다. 조직건강도 점수가 낮아 조직 운영 안정성 점검이 필요합니다.,0.9228,0.0522,0.0251
한국문화정보원,기타공공기관,문화체육관광부,65.0,4.0,58462.0,122320.0,서울특별시,0.0615384615384615,2.0922992713215423,30,0.284,12.53,0.0333,25.3,0.0333,0.73,8.93,0.1983,0.7099,0.0058,84.2,high,51.6,medium,10.2,현재 주요 위험 신호는 크지 않으며 전반적으로 안정적인 상태입니다.,0.905,0.0823,0.0127
한국문화진흥주식회사,기타공공기관,문화체육관광부,135.0,14.0,52861.0,152963.0,경기도,0.1037037037037037,2.89368343391158,30,0.351,10.73,0.0667,37.13,0.1667,0.67,11.13,0.0787,0.9009,0.5452,57.3,medium,36.8,low,66.2,채용경쟁력이 낮아 채용 매력도 개선 검토가 필요합니다.,0.917,0.0711,0.0119
한국발명진흥회,기타공공기관,지식재산처,197.0,8.0,68799.0,184744.0,서울특별시,0.0406091370558375,2.685271588249829,30,0.3427,10.73,0.0333,31.33,0.1667,0.68,10.87,0.4898,0.4315,0.4009,66.5,medium,40.0,medium,53.4,채용경쟁력이 낮아 채용 매력도 개선 검토가 필요합니다.,0.9042,0.0757,0.0202
한국방송광고진흥공사,공기업(준시장형),방송미디어통신위원회,314.0,10.0,87655.0,114621.0,서울특별시,0.0318471337579617,1.3076378985796588,30,0.3503,11.07,0.1,35.53,0.1333,0.67,11.63,0.8338,0.2886,0.5379,69.6,medium,47.9,medium,19.5,현재 주요 위험 신호는 크지 않으며 전반적으로 안정적인 상태입니다.,0.8743,0.1055,0.0202
한국방송통신전파진흥원,준정부기관(위탁집행형),과학기술정보통신부,543.5,16.0,73182.0,157117.0,전라남도,0.0294388224471021,2.146935038670712,30,0.3383,10.97,0.0667,29.2,0.1333,0.66,11.3,0.5802,0.2536,0.344,69.9,medium,42.6,medium,41.7,채용경쟁력이 낮아 채용 매력도 개선 검토가 필요합니다.,0.893,0.0861,0.0209
한국법무보호복지공단,기타공공기관,법무부,389.0,26.0,57728.0,157951.0,경상북도,0.0668380462724935,2.7361245842572064,30,0.2767,12.73,0.0333,21.47,0.1,0.73,9.8,0.1662,0.7697,0.0029,85.8,high,53.3,medium,8.5,현재 주요 위험 신호는 크지 않으며 전반적으로 안정적인 상태입니다.,0.9137,0.0585,0.0278
한국법제연구원,기타공공기관,국무조정실,135.0,2.0,63260.0,146455.0,세종특별자치시,0.0148148148148148,2.315128042997155,30,0.3447,10.0,0.1,28.33,0.1333,0.69,11.7,0.3236,0.0991,0.4373,60.1,medium,32.3,low,81.6,채용경쟁력이 낮아 채용 매력도 개선 검토가 필요합니다.,0.9182,0.0589,0.0229
한국벤처투자,기타공공기관,중소벤처기업부,163.0,10.0,96668.0,198521.0,서울특별시,0.0613496932515337,2.0536371912111555,30,0.3557,10.13,0.1,35.3,0.1333,0.68,13.37,0.9359,0.7055,0.5729,63.4,medium,47.9,medium,19.5,현재 주요 위험 신호는 크지 않으며 전반적으로 안정적인 상태입니다.,0.9096,0.0747,0.0157
한국보건복지인재원,기타공공기관,보건복지부,274.0,5.0,55439.0,160712.0,충청북도,0.0182481751824817,2.8988978877685385,30,0.3503,10.97,0.1,29.9,0.1333,0.69,12.53,0.1283,0.1341,0.5379,60.4,medium,34.0,low,77.3,채용경쟁력이 낮아 채용 매력도 개선 검토가 필요합니다.,0.9245,0.0505,0.025
한국보건사회연구원,기타공공기관,국무조정실,210.0,5.0,82975.0,164005.0,세종특별자치시,0.0238095238095238,1.9765592045796927,30,0.324,11.53,0.0333,23.6,0.0667,0.71,8.3,0.7638,0.1939,0.1458,80.4,high,50.2,medium,13.4,현재 주요 위험 신호는 크지 않으며 전반적으로 안정적인 상태입니다.,0.915,0.0668,0.0182
한국보건산업진흥원,기타공공기관,보건복지부,424.0,0.0,71669.0,202652.0,충청북도,0.0,2.8276102638518745,30,0.3673,9.7,0.1,33.97,0.1667,0.66,13.67,0.5481,0.016,0.6764,54.5,medium,31.2,low,86.6,채용경쟁력이 낮아 채용 매력도 개선 검토가 필요합니다.,0.9047,0.0724,0.0228
한국보건의료연구원,기타공공기관,보건복지부,165.0,8.0,61574.0,225395.0,서울특별시,0.0484848484848484,3.6605547796147726,30,0.3987,9.8,0.1667,36.33,0.0667,0.66,11.47,0.2799,0.5423,0.7522,42.7,medium,28.0,low,92.4,기관 평균 퇴사위험도가 상대적으로 높은 편입니다. 조직건강도 점수가 낮아 조직 운영 안정성 점검이 필요합니다. 채용경쟁력이 낮아 채용 매력도 개선 검토가 필요합니다.,0.9024,0.0767,0.0209
한국보건의료인국가시험원,기타공공기관,보건복지부,149.0,3.0,68096.0,202855.0,서울특별시,0.0201342281879194,2.978956179511278,30,0.343,10.93,0.0667,27.27,0.0667,0.74,9.17,0.4519,0.156,0.4082,66.6,medium,39.5,low,55.7,채용경쟁력이 낮아 채용 매력도 개선 검토가 필요합니다.,0.9084,0.0721,0.0195
한국보육진흥원,기타공공기관,교육부,367.0,22.0,45478.0,149374.0,서울특별시,0.0599455040871934,3.2845331808786664,30,0.4387,11.83,0.2333,34.07,0.1,0.66,10.87,0.0146,0.6939,0.809,44.4,medium,29.5,low,89.5,기관 평균 퇴사위험도가 상대적으로 높은 편입니다. 조직건강도 점수가 낮아 조직 운영 안정성 점검이 필요합니다. 채용경쟁력이 낮아 채용 매력도 개선 검토가 필요합니다.,0.895,0.0843,0.0206
한국보훈복지의료공단,준정부기관(위탁집행형),국가보훈부,7547.0,856.0,68649.0,156837.0,강원도,0.1134225520074201,2.284621771620854,226,0.3458,10.82,0.1018,31.23,0.1327,0.67,12.53,0.481,0.9271,0.4548,64.7,medium,44.5,medium,33.5,채용경쟁력이 낮아 채용 매력도 개선 검토가 필요합니다.,0.8816,0.0845,0.0339
한국부동산원,공기업(준시장형),국토교통부,1183.0,57.0,91891.0,179225.0,대구광역시,0.0481825866441251,1.950408636319117,35,0.3583,10.51,0.1143,38.94,0.2571,0.62,15.49,0.8863,0.5394,0.586,62.8,medium,47.0,medium,23.9,현재 주요 위험 신호는 크지 않으며 전반적으로 안정적인 상태입니다.,0.9034,0.0752,0.0214
한국사학진흥재단,기타공공기관,교육부,131.0,18.0,55122.0,223117.0,대구광역시,0.1374045801526717,4.047694205580349,30,0.4433,11.0,0.3333,28.8,0.0667,0.7,9.63,0.1195,0.965,0.8455,36.6,low,33.2,low,78.4,기관 평균 퇴사위험도가 상대적으로 높은 편입니다. 고위험 직원 비율이 높아 선제적 관리가 필요합니다. 조직건강도 점수가 낮아 조직 운영 안정성 점검이 필요합니다.,0.9101,0.0668,0.0231
한국사회보장정보원,준정부기관(위탁집행형),보건복지부,751.0,19.0,61862.0,179903.0,서울특별시,0.0252996005326231,2.9081342342633603,30,0.3593,9.63,0.1667,38.87,0.2,0.64,12.53,0.2915,0.2128,0.6064,47.8,medium,29.2,low,90.4,채용경쟁력이 낮아 채용 매력도 개선 검토가 필요합니다.,0.8909,0.0865,0.0226
한국사회복지협의회,기타공공기관,보건복지부,91.0,3.0,54619.0,,서울특별시,0.0329670329670329,,30,0.3283,10.97,0.1,30.07,0.1333,0.72,10.2,0.1108,0.3032,0.1866,62.4,medium,36.4,low,68.2,채용경쟁력이 낮아 채용 매력도 개선 검토가 필요합니다.,0.9062,0.0764,0.0173
한국사회적기업진흥원,기타공공기관,고용노동부,125.0,11.0,59117.0,167005.0,경기도,0.088,2.8249911193057837,30,0.344,11.07,0.0667,33.5,0.1333,0.7,12.77,0.2157,0.8513,0.4271,62.8,medium,40.7,medium,50.4,채용경쟁력이 낮아 채용 매력도 개선 검토가 필요합니다.,0.8997,0.0801,0.0203
한국산림복지진흥원,준정부기관(위탁집행형),산림청,463.0,40.0,57504.0,182270.0,대전광역시,0.0863930885529157,3.1696925431274345,30,0.3643,9.63,0.2333,36.23,0.2333,0.67,14.67,0.1603,0.8484,0.6531,43.5,medium,30.8,low,87.2,조직건강도 점수가 낮아 조직 운영 안정성 점검이 필요합니다. 채용경쟁력이 낮아 채용 매력도 개선 검토가 필요합니다.,0.9074,0.0673,0.0253
한국산업기술기획평가원,준정부기관(위탁집행형),산업통상부,403.5,8.0,91637.0,193057.0,대구광역시,0.0198265179677819,2.1067581871951284,30,0.3273,11.53,0.1,29.57,0.1333,0.69,11.0,0.8805,0.1516,0.1735,75.8,high,53.1,medium,9.0,현재 주요 위험 신호는 크지 않으며 전반적으로 안정적인 상태입니다.,0.9053,0.0766,0.0181
한국산업기술시험원,기타공공기관,산업통상부,906.0,9.0,95985.0,225395.0,경상남도,0.009933774834437,2.3482314945043496,30,0.367,9.5,0.1,34.97,0.2333,0.63,12.93,0.9184,0.0729,0.6735,58.0,medium,40.3,medium,52.8,채용경쟁력이 낮아 채용 매력도 개선 검토가 필요합니다.,0.9025,0.0674,0.0301
한국산업기술진흥원,준정부기관(위탁집행형),산업통상부,427.0,19.0,77931.0,209908.0,서울특별시,0.0444964871194379,2.693510926332268,30,0.339,10.7,0.1667,30.67,0.1333,0.73,10.73,0.6939,0.4927,0.3484,63.6,medium,43.9,medium,36.2,채용경쟁력이 낮아 채용 매력도 개선 검토가 필요합니다.,0.8745,0.1062,0.0193
한국산업단지공단,준정부기관(위탁집행형),산업통상부,628.0,18.0,75368.0,144440.0,대구광역시,0.0286624203821656,1.9164632204649188,30,0.3357,11.23,0.1,33.27,0.1,0.68,12.67,0.6239,0.2478,0.2945,69.7,medium,45.0,medium,30.9,현재 주요 위험 신호는 크지 않으며 전반적으로 안정적인 상태입니다.,0.8932,0.0809,0.0259
한국산업안전보건공단,준정부기관(위탁집행형),고용노동부,2229.63,83.0,69202.0,174368.0,울산광역시,0.0372259074375569,2.5196959625444357,66,0.3309,12.11,0.1364,27.77,0.0909,0.69,10.48,0.4985,0.3673,0.2012,72.7,high,48.0,medium,18.7,현재 주요 위험 신호는 크지 않으며 전반적으로 안정적인 상태입니다.,0.8692,0.0954,0.0354
한국산업은행,기타공공기관,금융위원회,3423.0,224.0,114659.0,321917.0,서울특별시,0.065439672801636,2.8076034153446305,102,0.3475,11.33,0.0882,34.67,0.1275,0.69,11.8,0.9971,0.7493,0.4956,70.3,high,62.0,medium,1.5,현재 주요 위험 신호는 크지 않으며 전반적으로 안정적인 상태입니다.,0.8725,0.1044,0.0231
한국산업인력공단,준정부기관(위탁집행형),고용노동부,1881.7,78.0,65422.0,166083.0,울산광역시,0.0414518786203964,2.5386414356027025,56,0.3375,11.07,0.1071,29.07,0.0893,0.69,11.48,0.3878,0.4577,0.3294,66.1,medium,40.9,medium,49.3,채용경쟁력이 낮아 채용 매력도 개선 검토가 필요합니다.,0.9104,0.062,0.0276
한국상하수도협회,기타공공기관,기후에너지환경부,76.0,4.0,69715.0,178095.0,서울특별시,0.0526315789473684,2.5546152191063616,30,0.3507,10.73,0.0667,35.17,0.1333,0.72,12.93,0.5131,0.6181,0.5423,63.2,medium,40.4,medium,51.9,채용경쟁력이 낮아 채용 매력도 개선 검토가 필요합니다.,0.913,0.0732,0.0137
한국생명존중희망재단,기타공공기관,보건복지부,175.0,10.0,51098.0,126530.0,서울특별시,0.0571428571428571,2.4762221613370388,30,0.339,10.67,0.1333,32.1,0.2,0.68,10.8,0.0612,0.6603,0.3484,58.4,medium,34.0,low,77.3,채용경쟁력이 낮아 채용 매력도 개선 검토가 필요합니다.,0.9115,0.0738,0.0148
한국서부발전(주),공기업(시장형),기후에너지환경부,2843.0,95.0,91243.0,142963.0,충청남도,0.0334154062609919,1.5668380040112666,85,0.3351,11.04,0.1059,30.91,0.1529,0.66,12.51,0.8717,0.3061,0.2828,72.7,high,50.5,medium,12.8,현재 주요 위험 신호는 크지 않으며 전반적으로 안정적인 상태입니다.,0.8709,0.0964,0.0326
한국석유공사,공기업(시장형),산업통상부,1449.0,46.0,95085.0,155961.0,울산광역시,0.0317460317460317,1.6402271651680076,43,0.316,12.53,0.0,29.05,0.0698,0.67,10.81,0.9155,0.2828,0.0729,88.2,high,61.3,medium,1.7,현재 주요 위험 신호는 크지 않으며 전반적으로 안정적인 상태입니다.,0.8926,0.078,0.0294
한국석유관리원,준정부기관(위탁집행형),산업통상부,449.0,18.0,68151.0,187623.0,경기도,0.0400890868596882,2.753048377866796,30,0.3817,9.77,0.1333,41.73,0.2,0.6,13.5,0.4548,0.4227,0.7347,47.9,medium,31.3,low,85.7,기관 평균 퇴사위험도가 상대적으로 높은 편입니다. 채용경쟁력이 낮아 채용 매력도 개선 검토가 필요합니다.,0.8902,0.0904,0.0194
한국세라믹기술원,기타공공기관,산업통상부,236.0,7.0,99443.0,223117.0,경상남도,0.0296610169491525,2.243667226451334,30,0.354,11.77,0.0667,30.57,0.1,0.66,12.73,0.9621,0.2566,0.5685,75.1,high,55.6,medium,6.7,현재 주요 위험 신호는 크지 않으며 전반적으로 안정적인 상태입니다.,0.9048,0.0726,0.0226
한국소방산업기술원,기타공공기관,소방청,322.0,17.0,63256.0,115054.0,경기도,0.0527950310559006,1.818863032755786,30,0.345,10.7,0.1,31.47,0.1333,0.7,10.43,0.3207,0.621,0.4417,63.6,medium,38.2,low,60.6,채용경쟁력이 낮아 채용 매력도 개선 검토가 필요합니다.,0.8958,0.0818,0.0224
한국소비자원,준정부기관(위탁집행형),공정거래위원회,543.0,45.0,64296.0,172103.0,충청북도,0.0828729281767955,2.6767295010576087,30,0.3167,11.6,0.0333,22.33,0.0,0.72,8.73,0.3528,0.8397,0.0816,76.4,high,47.5,medium,21.3,현재 주요 위험 신호는 크지 않으며 전반적으로 안정적인 상태입니다.,0.9115,0.0656,0.0229
한국수력원자력(주),공기업(시장형),기후에너지환경부,12794.0,432.0,101770.0,168520.0,경상북도,0.0337658277317492,1.6558907340080573,383,0.458,10.58,0.3446,30.62,0.1227,0.67,12.15,0.9738,0.312,0.9096,45.6,medium,41.7,medium,45.8,기관 평균 퇴사위험도가 상대적으로 높은 편입니다. 고위험 직원 비율이 높아 선제적 관리가 필요합니다. 채용경쟁력이 낮아 채용 매력도 개선 검토가 필요합니다.,0.8616,0.0976,0.0407
한국수목원정원관리원,준정부기관(위탁집행형),산림청,453.0,28.0,59193.0,180493.0,세종특별자치시,0.0618101545253863,3.04922879394523,30,0.4303,11.73,0.3333,20.2,0.0333,0.75,8.67,0.2187,0.7201,0.7784,48.7,medium,35.1,low,72.9,기관 평균 퇴사위험도가 상대적으로 높은 편입니다. 고위험 직원 비율이 높아 선제적 관리가 필요합니다. 채용경쟁력이 낮아 채용 매력도 개선 검토가 필요합니다.,0.9083,0.063,0.0287
한국수산자원공단,기타공공기관,해양수산부,347.0,7.0,68772.0,167891.0,부산광역시,0.0201729106628242,2.441269702786017,30,0.3423,10.93,0.1667,29.47,0.1667,0.67,11.23,0.4869,0.1603,0.3907,63.4,medium,39.8,low,54.5,채용경쟁력이 낮아 채용 매력도 개선 검토가 필요합니다.,0.9097,0.0637,0.0265
한국수자원공사,공기업(준시장형),기후에너지환경부,6377.0,254.0,83533.0,157482.0,대전광역시,0.0398306413674141,1.885266900506387,191,0.3365,10.95,0.0576,29.62,0.0838,0.68,11.45,0.7726,0.4198,0.3178,72.8,high,47.3,medium,22.2,현재 주요 위험 신호는 크지 않으며 전반적으로 안정적인 상태입니다.,0.8776,0.09,0.0324
한국수자원조사기술원,기타공공기관,기후에너지환경부,170.0,8.0,69074.0,218663.0,경기도,0.0470588235294117,3.1656339577844053,30,0.4427,10.63,0.2667,32.07,0.1,0.68,10.53,0.4956,0.5262,0.8397,42.1,medium,31.3,low,85.7,기관 평균 퇴사위험도가 상대적으로 높은 편입니다. 고위험 직원 비율이 높아 선제적 관리가 필요합니다. 조직건강도 점수가 낮아 조직 운영 안정성 점검이 필요합니다.,0.9073,0.0772,0.0155
한국수출입은행,기타공공기관,재정경제부,1322.54,92.0,112924.0,324721.0,서울특별시,0.0695631134029972,2.8755711806170523,39,0.4495,11.9,0.3846,34.05,0.1282,0.67,11.49,0.9942,0.7813,0.8688,47.9,medium,55.8,medium,6.4,기관 평균 퇴사위험도가 상대적으로 높은 편입니다. 고위험 직원 비율이 높아 선제적 관리가 필요합니다.,0.8828,0.0964,0.0208
한국승강기안전공단,준정부기관(위탁집행형),행정안전부,1668.0,86.0,57896.0,174367.0,경상남도,0.0515587529976019,3.0117279259361616,50,0.3624,10.6,0.2,31.66,0.14,0.65,11.64,0.1778,0.6035,0.6356,52.4,medium,34.0,low,77.3,채용경쟁력이 낮아 채용 매력도 개선 검토가 필요합니다.,0.9069,0.0688,0.0243
한국식품산업클러스터진흥원,기타공공기관,농림축산식품부,114.0,16.0,55396.0,225395.0,전라북도,0.1403508771929824,4.068795580908369,30,0.3327,11.53,0.1333,26.87,0.0667,0.68,11.8,0.1254,0.9679,0.2376,62.7,medium,45.7,medium,28.0,현재 주요 위험 신호는 크지 않으며 전반적으로 안정적인 상태입니다.,0.9206,0.0541,0.0253
한국식품안전관리인증원,기타공공기관,식품의약품안전처,264.0,9.0,57720.0,181009.0,충청북도,0.034090909090909,3.135984060984061,30,0.3397,11.43,0.1667,29.07,0.1333,0.68,12.9,0.1633,0.3178,0.3601,61.6,medium,39.1,low,58.0,채용경쟁력이 낮아 채용 매력도 개선 검토가 필요합니다.,0.9204,0.0595,0.0201
한국양성평등교육진흥원,기타공공기관,성평등가족부,122.0,5.0,58077.0,170801.0,서울특별시,0.040983606557377,2.940940475575529,30,0.346,10.6,0.0667,33.6,0.1,0.69,12.1,0.1866,0.4431,0.4592,59.5,medium,34.8,low,74.6,채용경쟁력이 낮아 채용 매력도 개선 검토가 필요합니다.,0.9022,0.0775,0.0203
한국어촌어항공단,기타공공기관,해양수산부,245.0,37.0,55834.0,182923.0,서울특별시,0.1510204081632653,3.2761937170899453,30,0.3663,9.77,0.1333,40.03,0.2,0.63,13.77,0.137,0.9767,0.6647,46.1,medium,34.5,low,75.8,채용경쟁력이 낮아 채용 매력도 개선 검토가 필요합니다.,0.9117,0.0687,0.0196
한국언론진흥재단,기타공공기관,문화체육관광부,218.0,9.0,79906.0,163148.0,서울특별시,0.0412844036697247,2.041749055139789,30,0.3607,10.93,0.1,36.0,0.1667,0.66,12.3,0.7201,0.449,0.6181,64.5,medium,43.8,medium,36.7,채용경쟁력이 낮아 채용 매력도 개선 검토가 필요합니다.,0.9006,0.0817,0.0177
한국에너지공단,준정부기관(위탁집행형),기후에너지환경부,755.0,43.0,69784.0,180905.0,울산광역시,0.0569536423841059,2.592356414077725,30,0.447,10.27,0.2667,31.47,0.1333,0.7,10.73,0.516,0.656,0.8586,41.5,medium,29.9,low,88.3,기관 평균 퇴사위험도가 상대적으로 높은 편입니다. 고위험 직원 비율이 높아 선제적 관리가 필요합니다. 조직건강도 점수가 낮아 조직 운영 안정성 점검이 필요합니다.,0.9122,0.0662,0.0216
한국에너지기술평가원,기타공공기관,기후에너지환경부,197.0,21.0,85676.0,186798.0,서울특별시,0.1065989847715736,2.180283860124189,30,0.3587,9.97,0.1333,33.97,0.1333,0.69,10.83,0.8047,0.9096,0.5948,59.7,medium,45.2,medium,29.2,현재 주요 위험 신호는 크지 않으며 전반적으로 안정적인 상태입니다.,0.907,0.0769,0.0161
한국에너지정보문화재단,기타공공기관,기후에너지환경부,35.0,2.0,66512.0,133570.0,서울특별시,0.0571428571428571,2.008209044984364,30,0.336,11.0,0.1,31.13,0.0667,0.69,9.63,0.4111,0.6603,0.3003,66.9,medium,42.0,medium,44.3,채용경쟁력이 낮아 채용 매력도 개선 검토가 필요합니다.,0.9064,0.0783,0.0153
한국여성과학기술인육성재단,기타공공기관,과학기술정보통신부,45.0,2.0,51333.0,167298.0,서울특별시,0.0444444444444444,3.259073110864356,30,0.34,10.6,0.1,33.63,0.1,0.67,11.73,0.0671,0.4898,0.3673,57.0,medium,32.9,low,79.0,채용경쟁력이 낮아 채용 매력도 개선 검토가 필요합니다.,0.9068,0.0802,0.013
한국여성인권진흥원,기타공공기관,성평등가족부,131.0,21.0,44957.0,147301.0,서울특별시,0.1603053435114503,3.27648642035723,30,0.409,9.57,0.1667,46.47,0.4,0.6,14.6,0.0117,0.9796,0.758,34.5,low,26.1,low,95.3,기관 평균 퇴사위험도가 상대적으로 높은 편입니다. 조직건강도 점수가 낮아 조직 운영 안정성 점검이 필요합니다. 채용경쟁력이 낮아 채용 매력도 개선 검토가 필요합니다.,0.909,0.0767,0.0144
한국여성정책연구원,기타공공기관,국무조정실,130.0,5.0,75887.0,,서울특별시,0.0384615384615384,,30,0.3113,11.83,0.0667,29.77,0.0333,0.7,10.5,0.6385,0.3965,0.0408,75.9,high,51.0,medium,11.4,현재 주요 위험 신호는 크지 않으며 전반적으로 안정적인 상태입니다.,0.9021,0.0817,0.0161
한국연구재단,준정부기관(위탁집행형),과학기술정보통신부,626.0,24.0,93520.0,195636.0,대전광역시,0.0383386581469648,2.0919161676646705,30,0.334,12.07,0.1333,36.47,0.2333,0.64,14.17,0.898,0.3907,0.2566,73.9,high,57.1,medium,4.4,현재 주요 위험 신호는 크지 않으며 전반적으로 안정적인 상태입니다.,0.9025,0.0737,0.0238
한국영상자료원,기타공공기관,문화체육관광부,98.0,3.0,55270.0,152030.0,서울특별시,0.0306122448979591,2.7506784874253665,30,0.378,10.3,0.1667,42.2,0.2667,0.6,14.1,0.1224,0.2682,0.723,46.3,medium,28.8,low,91.8,기관 평균 퇴사위험도가 상대적으로 높은 편입니다. 채용경쟁력이 낮아 채용 매력도 개선 검토가 필요합니다.,0.9017,0.082,0.0163
한국예술인복지재단,기타공공기관,문화체육관광부,45.0,3.0,52903.0,125903.0,서울특별시,0.0666666666666666,2.379883938529006,30,0.3887,10.07,0.1333,39.83,0.1667,0.63,12.8,0.0816,0.7668,0.7449,46.4,medium,27.9,low,92.7,기관 평균 퇴사위험도가 상대적으로 높은 편입니다. 채용경쟁력이 낮아 채용 매력도 개선 검토가 필요합니다.,0.9042,0.0812,0.0146
한국원산지정보원,기타공공기관,관세청,48.0,3.0,53281.0,188394.0,경기도,0.0625,3.53585705973987,30,0.363,11.33,0.1667,41.87,0.2667,0.66,13.97,0.0904,0.7289,0.6414,51.5,medium,36.6,low,66.8,채용경쟁력이 낮아 채용 매력도 개선 검토가 필요합니다.,0.898,0.0796,0.0223
한국원자력안전기술원,기타공공기관,원자력안전위원회,631.0,27.0,108186.0,206843.0,대전광역시,0.0427892234548335,1.9119202114876237,30,0.314,11.7,0.0,26.8,0.0667,0.69,10.13,0.9796,0.4723,0.0525,85.0,high,62.9,medium,0.9,현재 주요 위험 신호는 크지 않으며 전반적으로 안정적인 상태입니다.,0.9137,0.0626,0.0236
한국원자력안전재단,기타공공기관,원자력안전위원회,83.0,3.0,76240.0,188012.0,경기도,0.036144578313253,2.4660545645330534,30,0.4617,10.7,0.3667,37.47,0.1333,0.68,13.8,0.6531,0.3411,0.93,37.1,low,32.2,low,81.9,기관 평균 퇴사위험도가 상대적으로 높은 편입니다. 고위험 직원 비율이 높아 선제적 관리가 필요합니다. 조직건강도 점수가 낮아 조직 운영 안정성 점검이 필요합니다.,0.8967,0.0879,0.0154
한국원자력의학원,기타공공기관,과학기술정보통신부,1378.0,83.0,88147.0,227903.0,서울특별시,0.0602322206095791,2.5854878782034554,41,0.3754,10.12,0.1707,35.63,0.1951,0.7,12.46,0.8426,0.6968,0.7201,55.6,medium,42.7,medium,41.1,기관 평균 퇴사위험도가 상대적으로 높은 편입니다. 채용경쟁력이 낮아 채용 매력도 개선 검토가 필요합니다.,0.884,0.0969,0.0192
한국원자력통제기술원,기타공공기관,원자력안전위원회,129.0,5.0,88497.0,189946.0,대전광역시,0.0387596899224806,2.146355243680577,30,0.4483,11.57,0.4,32.43,0.1,0.64,9.8,0.8484,0.4023,0.8659,46.5,medium,42.8,medium,40.8,기관 평균 퇴사위험도가 상대적으로 높은 편입니다. 고위험 직원 비율이 높아 선제적 관리가 필요합니다. 채용경쟁력이 낮아 채용 매력도 개선 검토가 필요합니다.,0.914,0.0654,0.0205
한국원자력환경공단,준정부기관(위탁집행형),기후에너지환경부,412.0,21.0,82852.0,139910.0,경상북도,0.0509708737864077,1.6886737797518467,30,0.362,10.57,0.0667,33.5,0.1,0.68,14.03,0.7609,0.5918,0.6268,66.0,medium,43.6,medium,37.3,채용경쟁력이 낮아 채용 매력도 개선 검토가 필요합니다.,0.8904,0.0838,0.0258
한국의료기기안전정보원,기타공공기관,식품의약품안전처,70.0,6.0,58456.0,120590.0,서울특별시,0.0857142857142857,2.062919118653346,30,0.3147,11.73,0.0667,27.9,0.0333,0.72,9.03,0.1953,0.8455,0.0598,73.7,high,46.2,medium,26.8,현재 주요 위험 신호는 크지 않으며 전반적으로 안정적인 상태입니다.,0.9045,0.0787,0.0168
한국의료분쟁조정중재원,기타공공기관,보건복지부,157.0,6.0,73493.0,207851.0,서울특별시,0.0382165605095541,2.8281741118201733,30,0.3587,10.37,0.1333,33.97,0.1667,0.67,10.17,0.5889,0.3878,0.5948,58.1,medium,38.4,low,60.1,채용경쟁력이 낮아 채용 매력도 개선 검토가 필요합니다.,0.9027,0.0826,0.0147
한국의약품안전관리원,기타공공기관,식품의약품안전처,123.0,13.0,57914.0,120618.0,경기도,0.1056910569105691,2.08270884414822,30,0.3557,10.07,0.1,31.97,0.1333,0.67,10.17,0.1808,0.9067,0.5729,56.7,medium,35.1,low,72.9,채용경쟁력이 낮아 채용 매력도 개선 검토가 필요합니다.,0.9043,0.079,0.0167
한국인터넷진흥원,준정부기관(위탁집행형),과학기술정보통신부,767.0,30.0,72031.0,207581.0,전라남도,0.0391134289439374,2.8818286571059684,30,0.3453,11.4,0.1,29.2,0.0333,0.68,12.27,0.5569,0.4082,0.4461,67.9,medium,44.4,medium,34.4,채용경쟁력이 낮아 채용 매력도 개선 검토가 필요합니다.,0.8893,0.0794,0.0312
한국임업진흥원,기타공공기관,산림청,267.0,24.0,61269.0,167545.0,서울특별시,0.0898876404494382,2.734580293459988,30,0.3087,11.53,0.0333,29.23,0.0667,0.71,9.4,0.2682,0.8586,0.0335,73.5,high,47.1,medium,23.3,현재 주요 위험 신호는 크지 않으며 전반적으로 안정적인 상태입니다.,0.9016,0.0814,0.017
한국자산관리공사,준정부기관(기금관리형),금융위원회,1861.0,104.0,88968.0,216468.0,부산광역시,0.0558839333691563,2.4330995414081467,55,0.4407,11.04,0.3091,28.09,0.0545,0.71,10.62,0.8601,0.6501,0.8192,49.6,medium,41.9,medium,44.6,기관 평균 퇴사위험도가 상대적으로 높은 편입니다. 고위험 직원 비율이 높아 선제적 관리가 필요합니다. 채용경쟁력이 낮아 채용 매력도 개선 검토가 필요합니다.,0.8922,0.084,0.0238
한국잡월드,기타공공기관,고용노동부,65.0,4.0,61719.0,180950.0,경기도,0.0615384615384615,2.931836225473517,30,0.4687,10.77,0.4333,40.33,0.2,0.63,13.4,0.2857,0.7099,0.949,27.9,low,27.8,low,93.0,기관 평균 퇴사위험도가 상대적으로 높은 편입니다. 고위험 직원 비율이 높아 선제적 관리가 필요합니다. 조직건강도 점수가 낮아 조직 운영 안정성 점검이 필요합니다.,0.9182,0.0668,0.015
한국장애인개발원,기타공공기관,보건복지부,385.0,6.0,61610.0,185188.0,서울특별시,0.0155844155844155,3.0058107450089278,30,0.3423,11.57,0.1,35.43,0.1333,0.67,11.3,0.2828,0.105,0.3907,63.8,medium,40.0,medium,53.4,채용경쟁력이 낮아 채용 매력도 개선 검토가 필요합니다.,0.9004,0.0776,0.0219
한국장애인고용공단,준정부기관(위탁집행형),고용노동부,1473.88,58.0,59593.0,174178.0,경기도,0.0393519146741932,2.922792945480174,44,0.3623,9.68,0.1364,38.64,0.1818,0.65,12.61,0.2303,0.4111,0.6297,48.4,medium,29.2,low,90.4,채용경쟁력이 낮아 채용 매력도 개선 검토가 필요합니다.,0.8829,0.0901,0.027
한국장학재단,준정부기관(위탁집행형),교육부,522.0,21.0,81323.0,269056.0,대구광역시,0.0402298850574712,3.3084859141940166,30,0.4343,11.3,0.2667,30.47,0.1,0.69,12.07,0.7551,0.4257,0.793,49.5,medium,39.9,low,53.9,기관 평균 퇴사위험도가 상대적으로 높은 편입니다. 고위험 직원 비율이 높아 선제적 관리가 필요합니다. 채용경쟁력이 낮아 채용 매력도 개선 검토가 필요합니다.,0.896,0.0796,0.0243
한국재정정보원,준정부기관(위탁집행형),기획예산처,299.0,21.0,73515.0,202854.0,서울특별시,0.0702341137123745,2.7593552336257905,30,0.3587,10.5,0.1333,34.33,0.2,0.64,11.3,0.5918,0.7901,0.5948,58.8,medium,41.0,medium,49.0,채용경쟁력이 낮아 채용 매력도 개선 검토가 필요합니다.,0.8979,0.0921,0.01
한국저작권보호원,기타공공기관,문화체육관광부,114.0,4.0,58012.0,162943.0,서울특별시,0.0350877192982456,2.808780941874095,30,0.3423,10.87,0.1,35.7,0.1333,0.69,12.43,0.1837,0.3294,0.3907,59.5,medium,36.2,low,69.4,채용경쟁력이 낮아 채용 매력도 개선 검토가 필요합니다.,0.9015,0.0782,0.0203
한국저작권위원회,기타공공기관,문화체육관광부,157.0,10.0,64170.0,171647.0,경상남도,0.0636942675159235,2.67487922705314,30,0.3433,10.13,0.1,30.57,0.1,0.66,12.1,0.3499,0.7464,0.4111,59.5,medium,36.4,low,68.2,채용경쟁력이 낮아 채용 매력도 개선 검토가 필요합니다.,0.924,0.0496,0.0264
한국전기안전공사,준정부기관(위탁집행형),기후에너지환경부,3219.5,150.0,68513.0,158756.0,전라북도,0.0465910855722938,2.317166085268489,96,0.3365,11.19,0.0938,27.34,0.0625,0.7,10.78,0.4723,0.5131,0.3149,69.4,medium,43.1,medium,39.4,채용경쟁력이 낮아 채용 매력도 개선 검토가 필요합니다.,0.8876,0.0817,0.0308
한국전력거래소,준정부기관(위탁집행형),기후에너지환경부,524.0,27.0,94322.0,184849.0,전라남도,0.0515267175572519,1.9597654841924472,30,0.475,10.3,0.4333,37.4,0.2667,0.59,13.8,0.9096,0.6006,0.9796,34.3,low,37.0,low,65.6,기관 평균 퇴사위험도가 상대적으로 높은 편입니다. 고위험 직원 비율이 높아 선제적 관리가 필요합니다. 조직건강도 점수가 낮아 조직 운영 안정성 점검이 필요합니다.,0.887,0.0812,0.0318
한국전력공사,공기업(시장형),기후에너지환경부,23423.0,600.0,89488.0,168260.0,전라남도,0.0256158476710925,1.880252100840336,500,0.3394,11.15,0.088,29.88,0.108,0.68,12.12,0.863,0.2187,0.3557,73.0,high,49.6,medium,15.2,현재 주요 위험 신호는 크지 않으며 전반적으로 안정적인 상태입니다.,0.8703,0.0939,0.0357
한국전력국제원자력대학원대학교,기타공공기관,기후에너지환경부,67.0,6.0,97427.0,205672.0,울산광역시,0.0895522388059701,2.111036981534893,30,0.3187,12.0,0.0333,27.53,0.0667,0.71,9.7,0.9504,0.8542,0.0977,83.6,high,62.7,medium,1.2,현재 주요 위험 신호는 크지 않으며 전반적으로 안정적인 상태입니다.,0.9188,0.0627,0.0185
한국전력기술주식회사,공기업(준시장형),기후에너지환경부,2355.0,185.0,98136.0,181021.0,경상북도,0.078556263269639,1.8445932175756092,70,0.459,10.67,0.3571,30.5,0.0714,0.66,11.44,0.9563,0.8251,0.9125,44.8,medium,43.4,medium,37.9,기관 평균 퇴사위험도가 상대적으로 높은 편입니다. 고위험 직원 비율이 높아 선제적 관리가 필요합니다. 조직건강도 점수가 낮아 조직 운영 안정성 점검이 필요합니다.,0.8804,0.0922,0.0274
한국제품안전관리원,기타공공기관,산업통상부,101.0,11.0,47192.0,162795.0,서울특별시,0.1089108910891089,3.449631293439566,30,0.3523,10.87,0.1333,34.77,0.1333,0.67,11.2,0.0262,0.9184,0.5569,54.1,medium,35.5,low,71.4,채용경쟁력이 낮아 채용 매력도 개선 검토가 필요합니다.,0.9061,0.0774,0.0166
한국조세재정연구원,기타공공기관,국무조정실,365.0,23.0,81062.0,166799.0,세종특별자치시,0.0630136986301369,2.057671905455084,30,0.3747,11.1,0.1667,38.5,0.1667,0.59,13.9,0.7434,0.7318,0.7157,60.1,medium,45.2,medium,29.2,기관 평균 퇴사위험도가 상대적으로 높은 편입니다.,0.8956,0.0774,0.027
한국조폐공사,공기업(준시장형),재정경제부,1410.0,53.0,86376.0,162769.0,대전광역시,0.0375886524822695,1.884423914050199,42,0.3479,10.67,0.119,33.07,0.1429,0.68,12.6,0.8105,0.3819,0.4985,66.4,medium,45.9,medium,27.4,현재 주요 위험 신호는 크지 않으며 전반적으로 안정적인 상태입니다.,0.8933,0.0832,0.0235
한국주택금융공사,준정부기관(기금관리형),금융위원회,1004.0,30.0,93495.0,229643.0,부산광역시,0.0298804780876494,2.4562062142360555,30,0.332,10.87,0.0667,29.87,0.1,0.67,11.2,0.895,0.2595,0.2303,72.4,high,50.6,medium,12.2,현재 주요 위험 신호는 크지 않으며 전반적으로 안정적인 상태입니다.,0.9013,0.0767,0.0221
한국중부발전(주),공기업(시장형),기후에너지환경부,2890.0,112.0,97415.0,157309.0,충청남도,0.0387543252595155,1.614833444541395,86,0.3238,11.85,0.0233,27.71,0.0465,0.69,11.56,0.9475,0.3994,0.1429,83.6,high,58.4,medium,2.9,현재 주요 위험 신호는 크지 않으며 전반적으로 안정적인 상태입니다.,0.8831,0.0858,0.0311
한국중소벤처기업유통원,기타공공기관,중소벤처기업부,297.0,15.0,65212.0,155609.0,서울특별시,0.0505050505050505,2.3862019260258847,30,0.3457,10.9,0.0667,35.07,0.1,0.69,13.7,0.3848,0.5816,0.4504,63.9,medium,39.8,low,54.5,채용경쟁력이 낮아 채용 매력도 개선 검토가 필요합니다.,0.904,0.0808,0.0152
한국지능정보사회진흥원,준정부기관(위탁집행형),과학기술정보통신부,716.0,26.0,72883.0,178806.0,대구광역시,0.0363128491620111,2.453329308617922,30,0.466,9.77,0.4333,30.47,0.0667,0.69,11.53,0.5685,0.344,0.9417,30.8,low,25.7,low,96.2,기관 평균 퇴사위험도가 상대적으로 높은 편입니다. 고위험 직원 비율이 높아 선제적 관리가 필요합니다. 조직건강도 점수가 낮아 조직 운영 안정성 점검이 필요합니다.,0.8886,0.0823,0.0291
한국지식재산보호원,기타공공기관,지식재산처,119.0,3.0,59607.0,208104.0,서울특별시,0.0252100840336134,3.491267804116966,30,0.319,11.03,0.0,26.23,0.0667,0.76,9.6,0.2332,0.2099,0.1079,70.0,high,39.0,low,58.9,채용경쟁력이 낮아 채용 매력도 개선 검토가 필요합니다.,0.8973,0.0791,0.0236
한국지식재산연구원,기타공공기관,지식재산처,70.0,3.0,81073.0,213519.0,서울특별시,0.0428571428571428,2.633663488461017,30,0.4743,10.17,0.4333,35.83,0.1,0.69,12.5,0.7464,0.4752,0.9767,31.1,low,30.6,low,87.5,기관 평균 퇴사위험도가 상대적으로 높은 편입니다. 고위험 직원 비율이 높아 선제적 관리가 필요합니다. 조직건강도 점수가 낮아 조직 운영 안정성 점검이 필요합니다.,0.9066,0.0811,0.0123
한국지역난방공사,공기업(시장형),기후에너지환경부,2133.0,69.0,86934.0,194386.0,경기도,0.0323488045007032,2.236018128695332,63,0.3732,10.4,0.1429,37.0,0.1587,0.68,13.41,0.8222,0.2945,0.7026,58.6,medium,42.2,medium,42.3,기관 평균 퇴사위험도가 상대적으로 높은 편입니다. 채용경쟁력이 낮아 채용 매력도 개선 검토가 필요합니다.,0.8714,0.0991,0.0295
한국직업능력연구원,기타공공기관,국무조정실,208.0,1.0,90897.0,156355.0,세종특별자치시,0.0048076923076923,1.7201337777924464,30,0.3377,11.1,0.1333,31.67,0.1667,0.63,12.4,0.8659,0.0437,0.3353,70.8,high,48.8,medium,16.9,현재 주요 위험 신호는 크지 않으며 전반적으로 안정적인 상태입니다.,0.9109,0.0683,0.0208
한국철도공사,공기업(준시장형),국토교통부,32380.0,1596.0,70911.0,110137.0,대전광역시,0.049289684990735,1.553172286387161,500,0.335,11.08,0.072,30.05,0.102,0.68,11.54,0.5335,0.5627,0.2799,71.3,high,43.8,medium,36.7,채용경쟁력이 낮아 채용 매력도 개선 검토가 필요합니다.,0.874,0.0944,0.0316
한국청소년상담복지개발원,기타공공기관,성평등가족부,258.5,2.0,53364.0,165536.0,부산광역시,0.0077369439071566,3.1020163406041528,30,0.4797,10.63,0.4333,33.3,0.1333,0.66,12.27,0.0933,0.0612,0.9883,26.1,low,19.7,low,99.4,기관 평균 퇴사위험도가 상대적으로 높은 편입니다. 고위험 직원 비율이 높아 선제적 관리가 필요합니다. 조직건강도 점수가 낮아 조직 운영 안정성 점검이 필요합니다.,0.9074,0.0692,0.0234
한국청소년정책연구원,기타공공기관,국무조정실,90.0,0.0,71568.0,154825.0,세종특별자치시,0.0,2.163327185334228,30,0.467,10.97,0.4333,31.57,0.1333,0.67,12.13,0.5452,0.016,0.9446,36.9,low,29.1,low,91.0,기관 평균 퇴사위험도가 상대적으로 높은 편입니다. 고위험 직원 비율이 높아 선제적 관리가 필요합니다. 조직건강도 점수가 낮아 조직 운영 안정성 점검이 필요합니다.,0.9113,0.0655,0.0232
한국청소년활동진흥원,기타공공기관,성평등가족부,415.0,14.0,53573.0,159685.0,서울특별시,0.0337349397590361,2.980699232822504,30,0.328,11.73,0.0333,31.9,0.1333,0.71,11.5,0.0962,0.309,0.1822,68.7,medium,40.1,medium,53.1,채용경쟁력이 낮아 채용 매력도 개선 검토가 필요합니다.,0.8869,0.0894,0.0237
한국체육산업개발(주),기타공공기관,문화체육관광부,1171.0,25.0,62685.0,161598.0,서울특별시,0.0213492741246797,2.5779373055754964,35,0.3537,9.89,0.0857,33.2,0.1429,0.67,11.49,0.3061,0.1778,0.5627,56.3,medium,31.1,low,86.9,채용경쟁력이 낮아 채용 매력도 개선 검토가 필요합니다.,0.8925,0.083,0.0244
한국출판문화산업진흥원,기타공공기관,문화체육관광부,94.0,5.0,53785.0,123490.0,전라북도,0.0531914893617021,2.29599330668402,30,0.471,11.33,0.4667,31.83,0.0667,0.67,13.67,0.0991,0.6239,0.965,32.0,low,26.9,low,93.9,기관 평균 퇴사위험도가 상대적으로 높은 편입니다. 고위험 직원 비율이 높아 선제적 관리가 필요합니다. 조직건강도 점수가 낮아 조직 운영 안정성 점검이 필요합니다.,0.9066,0.0664,0.027
한국치산기술협회,기타공공기관,산림청,94.0,12.0,96578.0,,충청북도,0.1276595744680851,,30,0.3517,11.03,0.0667,33.4,0.0667,0.65,12.7,0.9329,0.9504,0.5539,68.1,medium,56.8,medium,4.7,현재 주요 위험 신호는 크지 않으며 전반적으로 안정적인 상태입니다.,0.9076,0.073,0.0195
한국콘텐츠진흥원,기타공공기관,문화체육관광부,535.0,20.0,70096.0,183839.0,전라남도,0.0373831775700934,2.622674617667199,30,0.3193,12.07,0.0667,29.67,0.1333,0.66,12.53,0.5248,0.3761,0.1108,76.2,high,49.2,medium,16.0,현재 주요 위험 신호는 크지 않으며 전반적으로 안정적인 상태입니다.,0.9043,0.0701,0.0256
한국탄소산업진흥원,기타공공기관,산업통상부,107.0,4.0,81079.0,151862.0,전라북도,0.0373831775700934,1.873012740660344,30,0.4477,10.73,0.4333,29.53,0.0667,0.66,12.53,0.7493,0.3761,0.863,41.7,medium,35.5,low,71.4,기관 평균 퇴사위험도가 상대적으로 높은 편입니다. 고위험 직원 비율이 높아 선제적 관리가 필요합니다. 조직건강도 점수가 낮아 조직 운영 안정성 점검이 필요합니다.,0.9104,0.0653,0.0243
한국토지주택공사,공기업(준시장형),국토교통부,8872.0,358.0,76598.0,135764.0,경상남도,0.040351668169522,1.772422256455782,266,0.338,11.3,0.0752,28.39,0.0977,0.68,11.47,0.6647,0.4286,0.3382,73.3,high,46.3,medium,26.2,현재 주요 위험 신호는 크지 않으며 전반적으로 안정적인 상태입니다.,0.8759,0.0845,0.0396
한국투자공사,기타공공기관,재정경제부,328.0,14.0,123738.0,344698.0,서울특별시,0.0426829268292682,2.78570851314875,30,0.2957,12.0,0.0667,30.7,0.1667,0.71,10.27,1.0,0.4694,0.0117,82.9,high,72.1,high,0.3,현재 주요 위험 신호는 크지 않으며 전반적으로 안정적인 상태입니다.,0.8861,0.0942,0.0197
한국특허기술진흥원,기타공공기관,지식재산처,666.0,0.0,76091.0,185049.0,대전광역시,0.0,2.431943331011552,30,0.3733,9.7,0.1333,32.47,0.1333,0.69,13.63,0.6472,0.016,0.7055,54.8,medium,32.4,low,80.8,기관 평균 퇴사위험도가 상대적으로 높은 편입니다. 채용경쟁력이 낮아 채용 매력도 개선 검토가 필요합니다.,0.909,0.0699,0.021
한국특허전략개발원,기타공공기관,지식재산처,245.0,5.0,72571.0,213519.0,대전광역시,0.0204081632653061,2.942208320127875,30,0.4593,10.03,0.3333,31.7,0.1,0.66,12.4,0.5627,0.1662,0.9169,35.5,low,26.6,low,94.2,기관 평균 퇴사위험도가 상대적으로 높은 편입니다. 고위험 직원 비율이 높아 선제적 관리가 필요합니다. 조직건강도 점수가 낮아 조직 운영 안정성 점검이 필요합니다.,0.9097,0.0691,0.0212
한국특허정보원,기타공공기관,지식재산처,423.0,9.0,59577.0,205527.0,대전광역시,0.0212765957446808,3.4497708847373985,30,0.4457,10.43,0.3,29.27,0.1667,0.69,11.33,0.2274,0.1749,0.8542,37.1,low,24.8,low,96.5,기관 평균 퇴사위험도가 상대적으로 높은 편입니다. 고위험 직원 비율이 높아 선제적 관리가 필요합니다. 조직건강도 점수가 낮아 조직 운영 안정성 점검이 필요합니다.,0.9153,0.0606,0.0241
한국학중앙연구원,기타공공기관,교육부,272.0,12.0,76193.0,225424.0,경기도,0.0441176470588235,2.958591996640111,30,0.3707,9.73,0.1,34.3,0.1667,0.66,12.17,0.6501,0.4854,0.6851,54.8,medium,35.5,low,71.4,채용경쟁력이 낮아 채용 매력도 개선 검토가 필요합니다.,0.8957,0.0833,0.021
한국한의약진흥원,기타공공기관,보건복지부,148.0,2.0,55000.0,151892.0,경상북도,0.0135135135135135,2.7616727272727277,30,0.3463,10.13,0.0667,27.9,0.0333,0.7,10.37,0.1137,0.0845,0.4752,58.9,medium,29.5,low,89.5,채용경쟁력이 낮아 채용 매력도 개선 검토가 필요합니다.,0.9258,0.0557,0.0185
한국항로표지기술원,기타공공기관,해양수산부,64.0,7.0,62699.0,153663.0,세종특별자치시,0.109375,2.4508046380325044,30,0.2943,12.1,0.0667,22.8,0.0667,0.72,9.03,0.309,0.9213,0.0087,80.4,high,53.0,medium,9.3,현재 주요 위험 신호는 크지 않으며 전반적으로 안정적인 상태입니다.,0.922,0.0558,0.0222
한국해양교통안전공단,준정부기관(위탁집행형),해양수산부,544.0,24.0,63091.0,161301.0,세종특별자치시,0.0441176470588235,2.556640408299124,30,0.3347,10.9,0.1667,30.57,0.1333,0.66,12.03,0.3178,0.4854,0.2682,61.8,medium,39.5,low,55.7,채용경쟁력이 낮아 채용 매력도 개선 검토가 필요합니다.,0.9166,0.0565,0.0268
한국해양수산개발원,기타공공기관,국무조정실,260.0,12.0,78032.0,175406.0,부산광역시,0.0461538461538461,2.247872667623539,30,0.3293,11.83,0.0333,37.1,0.1667,0.64,14.0,0.6997,0.5073,0.1924,74.9,high,50.7,medium,12.0,현재 주요 위험 신호는 크지 않으며 전반적으로 안정적인 상태입니다.,0.9131,0.0638,0.0231
한국해양수산연수원,기타공공기관,해양수산부,305.0,14.0,63807.0,150316.0,부산광역시,0.0459016393442622,2.355791684297961,30,0.3463,11.07,0.1333,32.93,0.1667,0.65,12.53,0.3353,0.5044,0.4752,62.3,medium,39.8,low,54.5,채용경쟁력이 낮아 채용 매력도 개선 검토가 필요합니다.,0.8924,0.0762,0.0314
한국해양조사협회,기타공공기관,해양수산부,54.0,2.0,66656.0,180136.0,서울특별시,0.037037037037037,2.702472395583293,30,0.3287,11.3,0.1,32.57,0.1667,0.69,12.53,0.414,0.363,0.1895,67.3,medium,43.1,medium,39.4,채용경쟁력이 낮아 채용 매력도 개선 검토가 필요합니다.,0.9097,0.0757,0.0147
한국해양진흥공사,기타공공기관,해양수산부,178.0,11.0,83887.0,250072.0,부산광역시,0.0617977528089887,2.9810578516337456,30,0.3427,10.83,0.0667,29.97,0.1,0.69,12.2,0.7755,0.7172,0.4009,68.4,medium,47.7,medium,20.4,현재 주요 위험 신호는 크지 않으며 전반적으로 안정적인 상태입니다.,0.901,0.0779,0.0212
한국해외인프라도시개발지원공사,기타공공기관,국토교통부,99.0,5.0,83447.0,177766.0,서울특별시,0.0505050505050505,2.1302862895011203,30,0.3083,11.67,0.0333,29.8,0.0667,0.72,9.9,0.7697,0.5816,0.0292,80.5,high,54.1,medium,7.9,현재 주요 위험 신호는 크지 않으며 전반적으로 안정적인 상태입니다.,0.899,0.0851,0.0159
한국행정연구원,기타공공기관,국무조정실,118.0,8.0,69315.0,157785.0,서울특별시,0.0677966101694915,2.276347111014932,30,0.3273,10.97,0.0333,32.63,0.1,0.69,10.77,0.5044,0.7726,0.1735,70.3,high,44.3,medium,34.7,채용경쟁력이 낮아 채용 매력도 개선 검토가 필요합니다.,0.9044,0.078,0.0176
한국형사·법무정책연구원,기타공공기관,국무조정실,102.0,7.0,70615.0,170447.0,서울특별시,0.0686274509803921,2.4137506195567515,30,0.349,10.47,0.0333,34.4,0.1667,0.66,11.4,0.5277,0.7755,0.5219,64.2,medium,40.4,medium,51.9,채용경쟁력이 낮아 채용 매력도 개선 검토가 필요합니다.,0.9035,0.0821,0.0144
한국환경공단,준정부기관(위탁집행형),기후에너지환경부,3233.0,164.0,64394.0,179970.0,인천광역시,0.0507268790596968,2.794825604870019,96,0.4635,10.27,0.4062,35.59,0.1562,0.67,12.11,0.3557,0.586,0.9359,29.9,low,26.1,low,95.3,기관 평균 퇴사위험도가 상대적으로 높은 편입니다. 고위험 직원 비율이 높아 선제적 관리가 필요합니다. 조직건강도 점수가 낮아 조직 운영 안정성 점검이 필요합니다.,0.8748,0.0998,0.0254
한국환경보전원,기타공공기관,기후에너지환경부,238.0,15.0,57846.0,148907.0,서울특별시,0.0630252100840336,2.5741970058431005,30,0.344,10.53,0.1,39.13,0.2333,0.65,11.83,0.1749,0.7347,0.4271,56.7,medium,35.9,low,70.8,채용경쟁력이 낮아 채용 매력도 개선 검토가 필요합니다.,0.9082,0.0734,0.0183
한국환경산업기술원,준정부기관(위탁집행형),기후에너지환경부,662.0,23.0,77422.0,179903.0,서울특별시,0.0347432024169184,2.323667691353879,30,0.361,10.87,0.1,35.97,0.2,0.69,12.9,0.6822,0.3265,0.6239,63.1,medium,42.1,medium,43.4,채용경쟁력이 낮아 채용 매력도 개선 검토가 필요합니다.,0.8788,0.0967,0.0245
한국환경연구원,기타공공기관,국무조정실,237.0,5.0,85478.0,160481.0,세종특별자치시,0.0210970464135021,1.877453847773696,30,0.4373,10.7,0.3667,28.07,0.1,0.69,11.6,0.7988,0.172,0.8047,46.6,medium,37.0,low,65.6,기관 평균 퇴사위험도가 상대적으로 높은 편입니다. 고위험 직원 비율이 높아 선제적 관리가 필요합니다. 채용경쟁력이 낮아 채용 매력도 개선 검토가 필요합니다.,0.924,0.0517,0.0243
한식진흥원,기타공공기관,농림축산식품부,44.0,1.0,61376.0,,서울특별시,0.0227272727272727,,30,0.346,11.03,0.1,33.47,0.1333,0.69,11.3,0.2711,0.1866,0.4592,60.8,medium,37.3,low,65.3,채용경쟁력이 낮아 채용 매력도 개선 검토가 필요합니다.,0.905,0.0832,0.0118
한전KDN,공기업(준시장형),기후에너지환경부,3021.0,96.0,76544.0,172792.0,전라남도,0.0317775571002979,2.257420568561873,90,0.3318,11.47,0.0556,29.82,0.1111,0.67,11.32,0.6618,0.2857,0.2245,74.1,high,47.2,medium,22.4,현재 주요 위험 신호는 크지 않으며 전반적으로 안정적인 상태입니다.,0.8848,0.0863,0.0289
한전KPS(주),공기업(준시장형),기후에너지환경부,6669.0,368.0,87205.0,207391.0,전라남도,0.0551806867596341,2.3782007912390344,200,0.3422,11.18,0.065,29.53,0.075,0.67,11.83,0.8251,0.6443,0.3848,72.3,high,50.4,medium,13.1,현재 주요 위험 신호는 크지 않으며 전반적으로 안정적인 상태입니다.,0.8814,0.086,0.0327
한전MCS(주),기타공공기관,기후에너지환경부,4361.0,585.0,62063.0,212830.0,전라남도,0.1341435450584728,3.4292573675136557,130,0.3409,10.74,0.1231,29.03,0.1,0.67,11.53,0.2974,0.9621,0.3761,60.3,medium,43.1,medium,39.4,채용경쟁력이 낮아 채용 매력도 개선 검토가 필요합니다.,0.8903,0.0714,0.0383
한전원자력연료주식회사,기타공공기관,기후에너지환경부,1172.0,48.0,88926.0,234015.0,대전광역시,0.0409556313993174,2.6315700694959854,35,0.4323,11.57,0.2857,34.14,0.1714,0.64,12.74,0.8571,0.4402,0.7872,51.6,medium,44.5,medium,33.5,기관 평균 퇴사위험도가 상대적으로 높은 편입니다. 고위험 직원 비율이 높아 선제적 관리가 필요합니다. 채용경쟁력이 낮아 채용 매력도 개선 검토가 필요합니다.,0.8905,0.0797,0.0298
항공안전기술원,기타공공기관,국토교통부,112.0,4.0,86112.0,189683.0,인천광역시,0.0357142857142857,2.2027475845410627,30,0.3843,9.8,0.2,40.53,0.1333,0.64,14.2,0.8076,0.3367,0.7405,50.3,medium,38.0,low,60.9,기관 평균 퇴사위험도가 상대적으로 높은 편입니다. 채용경쟁력이 낮아 채용 매력도 개선 검토가 필요합니다.,0.8988,0.0886,0.0126
해양수산과학기술진흥원,기타공공기관,해양수산부,98.0,5.0,86516.0,225295.0,서울특별시,0.0510204081632653,2.6040847935641964,30,0.453,10.63,0.3667,34.0,0.1,0.65,10.9,0.8163,0.5948,0.8907,40.5,medium,37.5,low,64.1,기관 평균 퇴사위험도가 상대적으로 높은 편입니다. 고위험 직원 비율이 높아 선제적 관리가 필요합니다. 조직건강도 점수가 낮아 조직 운영 안정성 점검이 필요합니다.,0.9002,0.0824,0.0175
해양환경공단,공기업(준시장형),해양수산부,739.0,49.0,73988.0,185202.0,서울특별시,0.0663058186738836,2.503135643617884,30,0.432,10.87,0.2333,29.97,0.1,0.68,10.37,0.6035,0.7638,0.7843,49.5,medium,36.5,low,67.6,기관 평균 퇴사위험도가 상대적으로 높은 편입니다. 채용경쟁력이 낮아 채용 매력도 개선 검토가 필요합니다.,0.886,0.0919,0.0221
